date,clicks,impr,ctr,avg.cpc,cost,avg.pos,conv.1.click,cost.per.conv.1.click,conv.rate.1.click
8/24/2009,256,8517,0.0301,0.95,242.99,2.6,1,242.99,0.0039
8/25/2009,396,13690,0.0289,0.9,355.92,2.9,6,59.32,0.0152
8/26/2009,413,13922,0.0297,0.86,355.61,3,5,71.12,0.0121
8/27/2009,347,13241,0.0262,0.84,291.33,3.1,3,97.11,0.0086
8/28/2009,423,13274,0.0319,0.67,283.13,3.3,3,94.38,0.0071
8/29/2009,402,13895,0.0289,0.73,293.50,3.3,4,73.38,0.01
8/30/2009,455,14944,0.0304,0.73,332.37,3.3,3,110.79,0.0066
8/31/2009,493,14288,0.0345,0.72,356.25,3.4,4,88.84,0.0081
9/1/2009,524,13875,0.0378,0.67,351.37,3.6,6,58.56,0.0115
9/2/2009,460,13087,0.0351,0.73,337.21,3.4,7,48.17,0.0152
9/3/2009,458,13529,0.0339,0.67,308.14,3.4,8,38.52,0.0175
9/4/2009,455,16303,0.0279,0.69,312.11,3.7,7,44.59,0.0154
9/5/2009,458,14086,0.0325,0.74,337.88,3.6,8,42.24,0.0175
9/6/2009,533,15719,0.0339,0.71,376.34,3.5,7,53.76,0.0131
9/7/2009,566,17415,0.0325,0.75,426.81,3.6,4,106.7,0.0071
9/8/2009,472,15357,0.0307,0.71,334.37,3.4,5,66.87,0.0106
9/9/2009,973,21304,0.0457,0.51,493.62,2.9,16,30.76,0.0165
9/10/2009,1110,18229,0.0609,0.42,462.76,3.1,23,20.12,0.0207
9/11/2009,1128,26240,0.043,0.44,495.90,3.2,18,27.55,0.016
9/12/2009,1143,24456,0.0467,0.46,520.90,2.9,12,43.28,0.0105
9/13/2009,1237,26292,0.047,0.44,540.68,2.8,23,23.5,0.0186
9/14/2009,1272,26722,0.0476,0.41,520.60,2.8,18,28.92,0.0142
9/15/2009,1169,24793,0.0472,0.46,531.96,2.9,18,29.54,0.0154
9/16/2009,1054,23569,0.0447,0.44,466.21,2.9,16,29.1,0.0152
9/17/2009,1118,23214,0.0482,0.45,502.00,2.8,15,33.42,0.0135
9/18/2009,996,21947,0.0454,0.39,385.72,2.9,17,22.69,0.0171
9/19/2009,1004,21736,0.0462,0.46,461.70,2.9,16,28.82,0.016
9/20/2009,1103,24616,0.0448,0.47,518.12,2.9,16,32.38,0.0145
9/21/2009,1179,26113,0.0451,0.43,503.32,2.9,26,19.36,0.0221
9/22/2009,1114,25143,0.0443,0.45,505.94,2.9,18,28.1,0.0162
9/23/2009,1058,24157,0.0438,0.44,470.11,2.8,16,29.38,0.0151
9/24/2009,1037,22951,0.0452,0.48,493.57,2.8,8,61.69,0.0077
9/25/2009,1051,22306,0.0471,0.43,451.95,2.8,18,25.1,0.0172
9/26/2009,1048,23499,0.0446,0.48,506.96,2.8,11,46.08,0.0105
9/27/2009,1322,29102,0.0454,0.47,625.58,2.6,14,44.61,0.0106
9/28/2009,1262,30178,0.0418,0.52,651.80,3,18,36.16,0.0143
9/29/2009,1171,31740,0.0369,0.54,630.34,3.2,23,27.4,0.0197
9/30/2009,1178,30688,0.0384,0.52,607.59,3,18,33.75,0.0153
10/1/2009,1156,31287,0.0369,0.51,584.83,3,21,27.85,0.0182
10/2/2009,1081,27074,0.0399,0.49,532.89,3,20,26.63,0.0185
10/3/2009,1126,24984,0.0451,0.5,567.13,2.9,24,23.63,0.0213
10/4/2009,1307,27432,0.0476,0.45,594.02,2.8,35,16.97,0.0268
10/5/2009,1331,28942,0.046,0.46,618.88,2.8,36,17.18,0.0271
10/6/2009,1939,29814,0.065,0.38,738.24,2.9,29,25.44,0.015
10/7/2009,1172,27537,0.0426,0.51,593.72,2.9,22,26.91,0.0188
10/8/2009,1136,27469,0.0414,0.47,536.97,3,24,22.37,0.0211
10/9/2009,1152,27859,0.0414,0.48,557.36,2.8,23,24.23,0.02
10/10/2009,1110,28267,0.0393,0.53,583.95,2.7,28,20.86,0.0252
10/11/2009,1216,29652,0.041,0.5,605.45,2.7,37,16.36,0.0305
10/12/2009,1462,35094,0.0417,0.51,738.49,2.6,31,23.82,0.0212
10/13/2009,1026,24216,0.0424,0.56,569.94,2.7,27,21.1,0.0264
10/14/2009,1273,28815,0.0442,0.47,596.28,2.8,22,27.1,0.0173
10/15/2009,1182,28104,0.0421,0.49,573.66,2.7,27,21.25,0.0228
10/16/2009,1050,30656,0.0343,0.54,566.17,2.7,22,25.73,0.021
10/17/2009,965,26714,0.0361,0.53,512.95,2.8,15,34.19,0.0156
10/18/2009,1164,29768,0.0391,0.52,605.18,2.7,30,20.15,0.0258
10/19/2009,1359,31352,0.0433,0.46,626.81,2.7,31,20.21,0.0229
10/20/2009,1367,31357,0.0436,0.48,654.41,2.8,33,19.8,0.0242
10/21/2009,1218,26040,0.0468,0.45,553.04,3.3,29,19.04,0.0238
10/22/2009,1163,23826,0.0488,0.43,503.51,3.3,27,18.62,0.0233
10/23/2009,1086,21380,0.0508,0.36,394.38,3.8,33,11.95,0.0304
10/24/2009,999,18039,0.0554,0.26,255.00,4.5,23,11.09,0.023
10/25/2009,1033,24332,0.0425,0.28,287.01,4.2,24,11.93,0.0233
10/26/2009,1241,29549,0.042,0.3,366.27,4.1,37,9.9,0.0298
10/27/2009,1103,24920,0.0443,0.31,346.30,4.1,22,15.73,0.02
10/28/2009,1040,21918,0.0474,0.28,294.97,4.4,28,10.53,0.0269
10/29/2009,1012,20995,0.0482,0.26,267.05,4.4,29,9.21,0.0287
10/30/2009,1037,21045,0.0493,0.28,292.36,4.4,19,15.38,0.0183
10/31/2009,893,17981,0.0497,0.27,241.27,4.4,13,18.56,0.0146
11/1/2009,1120,22958,0.0488,0.27,306.29,4.3,33,9.28,0.0295
11/2/2009,1261,26030,0.0484,0.29,365.61,3.8,31,11.79,0.0246
11/3/2009,1178,25164,0.0468,0.29,335.90,3.7,33,10.18,0.028
11/4/2009,1217,24332,0.05,0.27,329.85,3.8,37,8.91,0.0305
11/5/2009,1152,22771,0.0506,0.27,311.34,3.9,33,9.43,0.0287
11/6/2009,1086,22082,0.0492,0.24,263.82,3.9,26,10.14,0.024
11/7/2009,1079,23133,0.0466,0.23,244.83,4.1,24,10.2,0.0223
11/8/2009,1406,29332,0.0479,0.25,346.73,3.8,33,10.5,0.0235
11/9/2009,1477,29495,0.0501,0.27,404.11,3.8,26,15.54,0.0176
11/10/2009,1357,28194,0.0481,0.26,351.63,3.7,43,8.17,0.0318
11/11/2009,1460,27844,0.0524,0.24,354.21,3.9,51,6.94,0.035
11/12/2009,1338,25478,0.0525,0.25,335.58,3.9,33,10.15,0.0248
11/13/2009,1309,24636,0.0531,0.22,283.74,4,23,12.31,0.0176
11/14/2009,35,697,0.0502,0.25,8.92,3.9,1,8.92,0.0286
11/20/2009,1249,21241,0.0588,0.26,325.53,3.7,27,12.02,0.0217
11/21/2009,1784,30504,0.0585,0.26,456.19,3.8,34,13.4,0.0191
11/22/2009,2002,34067,0.0588,0.24,482.29,3.5,41,11.76,0.0205
11/23/2009,2353,37459,0.0628,0.26,605.26,3.4,56,10.81,0.0238
11/24/2009,2326,40433,0.0575,0.28,644.63,3.4,35,18.41,0.0151
11/25/2009,2016,31020,0.065,0.27,543.05,3.8,40,13.58,0.0198
11/26/2009,2590,46966,0.0551,0.23,598.68,3.6,52,11.51,0.0201
11/27/2009,3202,65159,0.0491,0.23,735.96,3.4,71,10.35,0.0222
11/28/2009,2066,35839,0.0576,0.27,559.64,3.9,50,11.18,0.0242
11/29/2009,2116,39178,0.054,0.28,590.23,3.7,41,14.38,0.0194
11/30/2009,2600,39536,0.0658,0.28,718.07,3.6,60,11.97,0.0231
12/1/2009,1811,30634,0.0591,0.28,500.49,3.7,57,8.78,0.0315
12/2/2009,1603,26511,0.0605,0.25,403.26,3.6,36,11.2,0.0225
12/3/2009,1593,27450,0.058,0.26,418.12,3.5,39,10.72,0.0245
12/4/2009,1749,175285,0.01,0.28,498.27,5.2,29,17.18,0.0166
12/5/2009,1861,259764,0.0072,0.3,562.25,4.3,46,12.22,0.0248
12/6/2009,1958,203868,0.0096,0.3,595.97,5.1,42,14.16,0.0215
12/7/2009,2352,172050,0.0137,0.5,1165.32,4.1,57,20.44,0.0242
12/8/2009,2052,125944,0.0163,0.52,1057.56,3.5,49,21.58,0.0239
12/9/2009,2069,135287,0.0153,0.49,1013.28,3.5,47,21.56,0.0227
12/10/2009,2106,206665,0.0102,0.49,1031.35,4.4,54,19.1,0.0256
12/11/2009,2038,182961,0.0111,0.48,983.90,4.3,52,18.92,0.0255
12/12/2009,2025,147882,0.0137,0.49,992.82,3.8,43,23.08,0.0213
12/13/2009,2248,132265,0.017,0.46,1032.62,3.6,59,17.5,0.0263
12/14/2009,2374,137346,0.0173,0.49,1159.60,3.1,54,21.46,0.0228
12/15/2009,2170,133863,0.0162,0.48,1031.19,3.4,48,21.48,0.0222
12/16/2009,2173,156166,0.0139,0.48,1041.45,3.5,64,16.27,0.0295
12/17/2009,2230,147686,0.0151,0.45,1012.44,3.6,48,21.09,0.0216
12/18/2009,2203,214475,0.0103,0.45,993.14,4,61,16.27,0.0277
12/19/2009,2057,178729,0.0115,0.49,1015.01,3.7,41,24.73,0.02
12/20/2009,2179,152301,0.0143,0.47,1018.74,3.3,45,22.6,0.0207
12/21/2009,2394,149296,0.016,0.45,1074.70,3.1,49,21.93,0.0205
12/22/2009,2252,165586,0.0136,0.48,1080.82,3.2,42,25.73,0.0187
12/23/2009,2173,144973,0.015,0.46,993.41,3.3,36,27.57,0.0166
12/24/2009,1515,140273,0.0108,0.51,779.26,3.3,17,45.83,0.0112
12/25/2009,1437,165937,0.0087,0.52,754.02,3.8,7,107.72,0.0049
12/26/2009,2264,142491,0.0159,0.52,1180.17,3.2,19,62.09,0.0084
12/27/2009,2136,128088,0.0167,0.56,1191.39,2.9,36,33.09,0.0169
12/28/2009,2380,140718,0.0169,0.57,1351.83,2.7,30,45.02,0.0126
12/29/2009,2063,161585,0.0128,0.55,1132.10,3,28,40.43,0.0136
12/30/2009,1972,142429,0.0138,0.59,1161.61,3.2,26,44.68,0.0132
12/31/2009,1560,134320,0.0116,0.6,942.94,3,11,85.72,0.0071
1/1/2010,1840,156709,0.0117,0.59,1094.29,2.9,15,72.95,0.0082
1/2/2010,1965,163176,0.012,0.58,1137.44,2.8,30,37.91,0.0153
1/3/2010,1966,176746,0.0111,0.58,1132.16,2.7,19,59.59,0.0097
1/4/2010,1974,159069,0.0124,0.58,1147.95,2.6,30,38.26,0.0152
1/5/2010,1860,156396,0.0119,0.58,1082.77,2.7,24,45.1,0.0129
1/6/2010,1713,119652,0.0143,0.59,1011.94,3,21,48.17,0.0123
1/7/2010,1739,125026,0.0139,0.55,953.99,2.8,23,41.47,0.0132
1/8/2010,1860,172933,0.0108,0.56,1049.98,3,22,47.72,0.0118
1/9/2010,1904,156416,0.0122,0.61,1152.75,2.9,21,54.89,0.011
1/10/2010,2012,169199,0.0119,0.59,1184.94,2.9,29,40.86,0.0144
1/11/2010,2035,147804,0.0138,0.61,1245.64,2.7,23,54.16,0.0113
1/12/2010,1822,162199,0.0112,0.64,1160.29,2.8,30,38.67,0.0165
1/13/2010,1840,146855,0.0125,0.64,1179.51,2.7,12,98.29,0.0065
1/14/2010,1926,155070,0.0124,0.59,1130.76,2.9,19,59.5,0.0099
1/15/2010,1952,159318,0.0123,0.58,1133.13,3.3,19,59.64,0.0097
1/16/2010,2071,179712,0.0115,0.61,1267.15,3.3,34,37.24,0.0164
1/17/2010,2049,195231,0.0105,0.6,1220.68,3.2,29,42.09,0.0142
1/18/2010,2212,202153,0.0109,0.65,1446.70,3.1,19,76.14,0.0086
1/19/2010,1792,192458,0.0093,0.6,1068.56,3.2,15,71.24,0.0084
1/20/2010,1939,184090,0.0105,0.58,1128.13,3.3,21,53.72,0.0108
1/21/2010,1980,254572,0.0078,0.57,1130.85,3.4,19,59.52,0.0096
1/22/2010,1880,207964,0.009,0.56,1061.85,3.3,24,44.24,0.0128
1/23/2010,1881,199864,0.0094,0.63,1175.94,3.3,29,40.46,0.0154
1/24/2010,2148,206626,0.0104,0.58,1245.96,3,38,32.79,0.0177
1/25/2010,2067,213528,0.0097,0.61,1262.19,3.2,31,40.68,0.015
1/26/2010,1933,181512,0.0106,0.61,1178.99,3.3,34,34.65,0.0176
1/27/2010,1888,194785,0.0097,0.59,1111.16,3.2,28,39.67,0.0149
1/28/2010,1931,210632,0.0092,0.61,1173.34,3.1,28,41.86,0.0145
1/29/2010,1949,208954,0.0093,0.59,1147.04,3.2,30,38.23,0.0154
1/30/2010,2150,213332,0.0101,0.6,1289.80,3.3,28,46.06,0.013
1/31/2010,2427,227955,0.0106,0.56,1370.43,3.4,38,36.06,0.0157
2/1/2010,2356,177207,0.0133,0.6,1409.49,3.1,34,41.45,0.0145
2/2/2010,2078,120282,0.0173,0.56,1169.52,2.7,33,35.42,0.0159
2/3/2010,2123,120698,0.0176,0.56,1186.88,2.8,32,37.04,0.0151
2/4/2010,2247,115570,0.0194,0.56,1260.26,2.6,31,40.63,0.0138
2/5/2010,2339,138623,0.0169,0.57,1341.38,2.6,21,63.88,0.009
2/6/2010,2344,144632,0.0162,0.6,1400.26,2.7,23,60.87,0.0098
2/7/2010,2273,117025,0.0194,0.59,1335.53,2.6,23,58.04,0.0101
2/8/2010,2382,138244,0.0172,0.57,1347.44,2.6,33,40.83,0.0139
2/9/2010,2359,125146,0.0188,0.56,1324.22,2.6,34,38.95,0.0144
2/10/2010,2183,126126,0.0173,0.58,1268.55,2.7,32,39.54,0.0147
2/11/2010,2089,145046,0.0144,0.59,1234.77,2.7,35,35.28,0.0168
2/12/2010,2315,134410,0.0172,0.57,1320.03,2.8,28,47.13,0.0121
2/13/2010,2151,132190,0.0163,0.58,1239.17,2.8,21,58.98,0.0098
2/14/2010,2213,130410,0.017,0.59,1296.09,2.7,35,37,0.0159
2/15/2010,2589,155896,0.0166,0.58,1513.77,2.8,40,37.84,0.0155
2/16/2010,1929,127293,0.0152,0.59,1143.43,3,24,47.63,0.0125
2/17/2010,1917,132565,0.0145,0.58,1108.82,3,30,36.89,0.0157
2/18/2010,1966,137087,0.0143,0.59,1159.88,3,31,37.4,0.0158
2/19/2010,1970,130614,0.0151,0.56,1108.11,2.9,24,46.15,0.0122
2/20/2010,2080,128090,0.0162,0.57,1194.27,3,28,42.57,0.0135
2/21/2010,2168,138146,0.0157,0.57,1244.94,3,33,37.71,0.0152
2/22/2010,2349,148161,0.0159,0.59,1377.44,3,31,44.43,0.0132
2/23/2010,2089,137942,0.0151,0.58,1221.07,2.9,33,36.99,0.0158
2/24/2010,2095,211133,0.0099,0.64,1336.56,3,32,41.76,0.0153
2/25/2010,2061,180302,0.0114,0.62,1287.67,3,22,58.52,0.0107
2/26/2010,2073,173693,0.0119,0.6,1250.79,3.2,27,46.26,0.0131
2/27/2010,1996,164016,0.0122,0.65,1305.53,3.2,25,52.18,0.0125
2/28/2010,2318,186446,0.0124,0.65,1514.33,3.2,30,50.41,0.013
3/1/2010,2490,217353,0.0115,0.63,1576.34,3,30,52.54,0.0121
3/2/2010,2155,189047,0.0114,0.63,1361.14,2.9,28,48.55,0.013
3/3/2010,2063,181133,0.0114,0.61,1268.32,3,28,45.25,0.0136
3/4/2010,1989,202853,0.0098,0.65,1285.96,3.1,33,38.95,0.0166
3/5/2010,2013,189387,0.0106,0.65,1301.14,3.1,26,50.02,0.0129
3/6/2010,2040,170489,0.012,0.63,1280.07,3.2,25,51.2,0.0123
3/7/2010,2308,204768,0.0113,0.63,1445.88,3.2,28,51.64,0.0121
3/8/2010,2373,224344,0.0106,0.63,1500.08,3.2,33,45.44,0.0139
3/9/2010,2060,199175,0.0103,0.66,1364.24,3.2,18,75.79,0.0087
3/10/2010,1916,194250,0.0099,0.63,1215.62,3.2,23,52.85,0.012
3/11/2010,1939,167859,0.0116,0.66,1281.46,3.3,20,64.03,0.0103
3/12/2010,1851,198554,0.0093,0.63,1166.66,3.2,20,58.33,0.0108
3/13/2010,1960,195177,0.01,0.66,1293.89,3.2,31,41.66,0.0158
3/14/2010,1890,204568,0.0092,0.67,1263.07,3.2,17,74.23,0.009
3/15/2010,2086,203573,0.0102,0.67,1389.49,3.3,31,44.82,0.0149
3/16/2010,2016,213404,0.0094,0.63,1276.27,3.3,30,42.54,0.0149
3/17/2010,1724,203184,0.0085,0.68,1169.23,3.1,26,44.91,0.0151
3/18/2010,1792,213638,0.0084,0.65,1157.78,3.1,22,52.61,0.0123
3/19/2010,1820,173297,0.0105,0.63,1139.49,3.2,29,39.29,0.0159
3/20/2010,1927,189407,0.0102,0.66,1262.19,3.2,23,54.84,0.0119
3/21/2010,2216,223075,0.0099,0.63,1393.38,3.2,17,81.95,0.0077
3/22/2010,1875,197898,0.0095,0.61,1150.42,3.5,36,31.96,0.0192
3/23/2010,1993,237260,0.0084,0.63,1259.39,3.2,32,39.35,0.0161
3/24/2010,1895,211469,0.009,0.66,1257.00,3.2,28,44.88,0.0148
3/25/2010,1890,225844,0.0084,0.63,1194.05,3,17,70.24,0.009
3/26/2010,1872,215086,0.0087,0.65,1218.04,3,26,46.85,0.0139
3/27/2010,1830,199686,0.0092,0.71,1299.15,2.9,32,40.6,0.0175
3/28/2010,1961,220692,0.0089,0.67,1321.67,2.9,21,62.93,0.0107
3/29/2010,2032,223567,0.0091,0.65,1321.17,2.9,34,38.85,0.0167
3/30/2010,1890,213558,0.0089,0.66,1255.69,2.9,28,44.84,0.0148
3/31/2010,2080,210705,0.0099,0.58,1211.21,2.9,33,36.7,0.0159
4/1/2010,2183,198256,0.011,0.6,1299.41,3,35,37.12,0.0161
4/2/2010,2399,219146,0.0109,0.56,1350.82,3,32,42.21,0.0134
4/3/2010,2115,215208,0.0098,0.61,1292.94,3,33,39.18,0.0156
4/4/2010,2021,230928,0.0088,0.62,1249.50,3,19,65.75,0.0094
4/5/2010,3220,258134,0.0125,0.68,2174.82,3,42,51.74,0.0131
4/6/2010,3096,254834,0.0121,0.68,2118.75,3,29,73.02,0.0094
4/7/2010,3140,261184,0.012,0.67,2092.86,3,32,65.34,0.0102
4/8/2010,2852,256231,0.0111,0.66,1884.99,2.9,36,52.32,0.0126
4/9/2010,2538,212749,0.0119,0.63,1589.44,3,28,56.74,0.0111
4/10/2010,2607,212263,0.0123,0.65,1706.06,3,39,43.73,0.015
4/11/2010,2722,225244,0.0121,0.65,1772.87,3.1,37,47.82,0.0136
4/12/2010,2934,265164,0.0111,0.64,1873.56,3,45,41.61,0.0154
4/13/2010,2411,254149,0.0095,0.65,1560.29,3.1,31,50.18,0.0129
4/14/2010,2292,226509,0.0101,0.62,1415.02,3.1,37,38.24,0.0162
4/15/2010,2241,169623,0.0132,0.53,1178.99,3,36,32.73,0.0161
4/16/2010,2467,201144,0.0123,0.53,1318.89,2.9,44,29.97,0.0178
4/17/2010,2372,200326,0.0118,0.58,1365.77,2.9,25,54.62,0.0106
4/18/2010,2671,198975,0.0134,0.55,1473.81,2.9,45,32.75,0.0169
4/19/2010,2531,193737,0.0131,0.58,1473.11,2.9,42,35.07,0.0166
4/20/2010,2265,198730,0.0114,0.55,1247.76,2.8,41,30.43,0.0181
4/21/2010,316,47122,0.0067,0.72,226.91,2.7,4,56.73,0.0127
5/3/2010,2108,208854,0.0101,0.61,1288.57,2.7,33,39.04,0.0157
5/4/2010,2337,225986,0.0103,0.6,1413.26,2.8,33,42.76,0.0141
5/5/2010,2133,209315,0.0102,0.6,1288.43,2.9,44,29.26,0.0207
5/6/2010,2166,217877,0.0099,0.63,1372.22,2.8,25,54.84,0.0116
5/7/2010,2183,186718,0.0117,0.57,1254.92,2.8,38,33.02,0.0174
5/8/2010,1919,191765,0.01,0.63,1212.78,2.9,28,43.27,0.0146
5/9/2010,2094,228323,0.0092,0.59,1231.54,2.8,27,45.61,0.0129
5/10/2010,2381,231136,0.0103,0.58,1383.26,2.9,45,30.73,0.0189
5/11/2010,2172,230685,0.0094,0.6,1309.23,3,40,32.72,0.0185
5/12/2010,2256,205300,0.011,0.59,1340.90,2.9,40,33.52,0.0178
5/13/2010,2339,219687,0.0106,0.58,1349.96,2.8,37,36.46,0.0158
5/14/2010,2577,227928,0.0113,0.52,1328.25,2.8,24,55.34,0.0093
5/15/2010,2213,207059,0.0107,0.59,1299.95,2.8,51,25.48,0.0231
5/16/2010,2434,235198,0.0103,0.56,1373.46,2.8,33,41.62,0.0136
5/17/2010,2633,226038,0.0116,0.59,1558.15,2.8,48,32.46,0.0182
5/18/2010,2359,198004,0.0119,0.57,1345.54,2.9,42,32.02,0.0178
5/19/2010,2327,207967,0.0112,0.57,1323.18,3,37,35.76,0.0159
5/20/2010,2205,192803,0.0114,0.54,1184.06,3,32,37,0.0145
5/21/2010,2023,183335,0.011,0.59,1186.25,3,37,32.06,0.0183
5/22/2010,1823,186372,0.0098,0.62,1123.73,2.9,38,29.57,0.0208
5/23/2010,2478,191566,0.0129,0.53,1315.65,2.9,40,32.89,0.0161
5/24/2010,2720,202255,0.0134,0.54,1464.10,3,53,27.62,0.0195
5/25/2010,2580,200136,0.0129,0.52,1353.23,3,50,27.06,0.0194
5/26/2010,2627,205218,0.0128,0.52,1376.76,3.1,43,32.02,0.0164
5/27/2010,2889,195739,0.0148,0.47,1371.78,3.1,60,22.86,0.0208
5/28/2010,3342,194153,0.0172,0.42,1415.01,3.2,51,27.75,0.0153
5/29/2010,2795,202837,0.0138,0.49,1368.51,3.2,37,36.99,0.0132
5/30/2010,2883,209168,0.0138,0.48,1385.25,3.1,45,30.78,0.0156
5/31/2010,3057,202827,0.0151,0.5,1542.44,3,46,33.53,0.015
6/1/2010,2798,211769,0.0132,0.53,1492.33,2.9,48,31.09,0.0172
6/2/2010,2686,244222,0.011,0.54,1453.36,2.8,52,27.95,0.0194
6/3/2010,2728,219588,0.0124,0.53,1443.33,2.7,44,32.8,0.0161
6/4/2010,2391,188023,0.0127,0.51,1208.34,2.9,34,35.54,0.0142
6/5/2010,2382,219309,0.0109,0.59,1394.95,2.9,35,39.86,0.0147
6/6/2010,2682,238138,0.0113,0.55,1467.90,2.8,42,34.95,0.0157
6/7/2010,2972,261729,0.0114,0.54,1604.10,2.7,57,28.14,0.0192
6/8/2010,2553,232212,0.011,0.54,1379.36,2.8,40,34.48,0.0157
6/9/2010,2576,238064,0.0108,0.51,1311.57,2.9,37,35.45,0.0144
6/10/2010,2468,212330,0.0116,0.49,1219.28,3.1,44,27.71,0.0178
6/11/2010,2378,206269,0.0115,0.52,1234.74,3.1,44,28.06,0.0185
6/12/2010,2334,202712,0.0115,0.54,1255.63,3,36,34.88,0.0154
6/13/2010,2560,208818,0.0123,0.52,1338.20,2.9,32,41.82,0.0125
6/14/2010,3031,259967,0.0117,0.51,1544.10,2.9,64,24.13,0.0211
6/15/2010,2747,271742,0.0101,0.52,1431.63,2.9,41,34.92,0.0149
6/16/2010,2642,253258,0.0104,0.48,1279.12,2.8,46,27.81,0.0174
6/17/2010,2513,222312,0.0113,0.48,1218.74,2.9,51,23.9,0.0203
6/18/2010,2491,239601,0.0104,0.47,1162.54,2.9,44,26.42,0.0177
6/19/2010,2313,206151,0.0112,0.49,1131.05,3,31,36.49,0.0134
6/20/2010,2341,259733,0.009,0.46,1072.07,2.8,39,27.49,0.0167
6/21/2010,2846,256482,0.0111,0.48,1371.48,3,45,30.48,0.0158
6/22/2010,2715,223496,0.0121,0.51,1386.40,3.1,43,32.24,0.0158
6/23/2010,2567,223486,0.0115,0.52,1336.50,3.1,44,30.38,0.0171
6/24/2010,2485,234478,0.0106,0.51,1275.28,3.2,42,30.36,0.0169
6/25/2010,2366,216269,0.0109,0.51,1197.90,3.1,44,27.22,0.0186
6/26/2010,2235,207787,0.0108,0.57,1263.98,3.1,35,36.11,0.0157
6/27/2010,2604,260695,0.01,0.59,1527.62,3,48,31.83,0.0184
6/28/2010,3074,275875,0.0111,0.57,1741.91,3.1,55,31.67,0.0179
6/29/2010,2715,257988,0.0105,0.64,1746.12,3.1,59,29.6,0.0217
6/30/2010,3013,246374,0.0122,0.66,1974.70,3.1,52,37.98,0.0173
7/1/2010,3456,266800,0.013,0.61,2113.04,3,65,32.51,0.0188
7/2/2010,3938,239332,0.0165,0.54,2140.25,3.1,86,24.89,0.0218
7/3/2010,2963,249635,0.0119,0.6,1779.56,3,68,26.17,0.0229
7/4/2010,3511,247998,0.0142,0.48,1702.27,3,63,27.02,0.0179
7/5/2010,3354,292518,0.0115,0.61,2061.99,3.2,77,26.78,0.023
7/6/2010,2992,259429,0.0115,0.64,1903.54,3.3,75,25.38,0.0251
7/7/2010,2902,252282,0.0115,0.58,1690.37,3.1,76,22.24,0.0262
7/8/2010,3243,258509,0.0125,0.56,1813.30,3.1,72,25.18,0.0222
7/9/2010,2698,267134,0.0101,0.64,1713.57,3.2,46,37.25,0.017
7/10/2010,2499,240080,0.0104,0.67,1685.58,3.2,40,42.14,0.016
7/11/2010,2633,252326,0.0104,0.67,1751.33,3.2,51,34.34,0.0194
7/12/2010,2930,282657,0.0104,0.51,1486.08,3,55,27.02,0.0188
7/13/2010,2851,296093,0.0096,0.44,1267.47,2.9,52,24.37,0.0182
7/14/2010,3105,307927,0.0101,0.63,1965.90,3,60,32.75,0.0193
7/15/2010,2815,264653,0.0106,0.65,1842.20,3,51,36.12,0.0181
7/16/2010,2753,241302,0.0114,0.64,1756.73,3.1,43,40.85,0.0156
7/17/2010,2505,207328,0.0121,0.64,1594.04,3.1,49,32.53,0.0196
7/18/2010,2878,321816,0.0089,0.65,1868.45,3.2,46,40.62,0.016
7/19/2010,3175,317367,0.01,0.61,1946.78,3.2,47,41.42,0.0148
7/20/2010,2867,231352,0.0124,0.63,1810.77,3.2,65,27.86,0.0227
7/21/2010,2829,221549,0.0128,0.63,1785.97,3.2,61,29.28,0.0216
7/22/2010,2860,249845,0.0114,0.57,1618.92,3.4,42,38.55,0.0147
7/23/2010,2553,249713,0.0102,0.59,1504.21,3.4,48,31.34,0.0188
7/24/2010,2478,247514,0.01,0.62,1530.32,3.4,40,38.26,0.0161
7/25/2010,2651,252811,0.0105,0.64,1709.70,3.5,50,34.19,0.0189
7/26/2010,2794,282537,0.0099,0.66,1846.36,3.6,46,40.14,0.0165
7/27/2010,2625,257313,0.0102,0.66,1724.60,3.4,50,34.49,0.019
7/28/2010,2454,232377,0.0106,0.65,1598.76,3.3,51,31.34,0.0208
7/29/2010,2509,232649,0.0108,0.61,1532.89,3.7,59,25.98,0.0235
7/30/2010,2438,182490,0.0134,0.61,1490.39,3.5,47,31.71,0.0193
7/31/2010,2305,200111,0.0115,0.66,1527.33,3.5,45,33.94,0.0195
8/1/2010,2603,225297,0.0116,0.65,1695.99,3.5,61,27.8,0.0234
8/2/2010,2970,186752,0.0159,0.59,1742.83,3.3,56,31.12,0.0189
8/3/2010,2536,184257,0.0138,0.64,1630.04,3.3,58,28.1,0.0229
8/4/2010,2506,154916,0.0162,0.58,1443.50,3.4,62,23.28,0.0247
8/5/2010,2570,166807,0.0154,0.59,1518.15,3.5,63,24.1,0.0245
8/6/2010,2427,153179,0.0158,0.62,1500.53,3.5,52,28.86,0.0214
8/7/2010,2319,155059,0.015,0.66,1527.28,3.4,54,28.28,0.0233
8/8/2010,2416,157938,0.0153,0.62,1503.65,3.3,59,25.49,0.0244
8/9/2010,2704,164646,0.0164,0.59,1607.88,3.3,71,22.65,0.0263
8/10/2010,2438,156472,0.0156,0.6,1468.05,3.3,51,28.79,0.0209
8/11/2010,2357,149021,0.0158,0.52,1218.40,3.4,65,18.74,0.0276
8/12/2010,3520,138654,0.0254,0.42,1465.18,3.5,58,25.26,0.0165
8/13/2010,2171,137032,0.0158,0.53,1160.57,3.5,59,19.67,0.0272
8/14/2010,2037,132963,0.0153,0.57,1154.45,3.5,62,18.62,0.0304
8/15/2010,2343,145022,0.0162,0.53,1230.50,3.5,52,23.66,0.0222
8/16/2010,2581,147203,0.0175,0.54,1398.15,3.6,76,18.4,0.0294
8/17/2010,2336,134864,0.0173,0.56,1312.88,3.7,48,27.35,0.0205
8/18/2010,2102,130465,0.0161,0.56,1184.47,3.8,60,19.74,0.0286
8/19/2010,2303,199860,0.0115,0.54,1250.16,3.4,57,21.93,0.0248
8/20/2010,2422,276449,0.0088,0.53,1283.88,3.2,61,21.04,0.0252
8/21/2010,2514,274978,0.0091,0.55,1378.44,3.2,49,28.13,0.0195
8/22/2010,2565,330322,0.0078,0.52,1339.93,3.3,43,31.16,0.0168
8/23/2010,2643,288348,0.0092,0.53,1410.24,3.1,44,32.05,0.0167
8/24/2010,2123,210678,0.0101,0.5,1052.92,3.1,43,24.48,0.0203
8/25/2010,2108,170774,0.0123,0.48,1013.49,3.2,60,16.88,0.0286
8/26/2010,2038,178957,0.0114,0.45,917.30,3.2,57,16.09,0.028
8/27/2010,2003,148871,0.0135,0.4,810.13,3.3,36,22.49,0.018
8/28/2010,1884,182938,0.0103,0.34,632.97,3.7,36,17.58,0.0191
8/29/2010,2137,224021,0.0095,0.34,718.49,3.8,51,14.09,0.0239
8/30/2010,2279,225613,0.0101,0.37,833.58,3.7,50,16.67,0.022
8/31/2010,2051,199427,0.0103,0.39,803.62,4,62,12.96,0.0303
9/1/2010,2014,186172,0.0108,0.37,742.97,3.9,45,16.5,0.0224
9/2/2010,2325,265185,0.0088,0.38,881.05,3.9,53,16.62,0.0229
9/3/2010,2438,180458,0.0135,0.38,936.53,3.8,59,15.87,0.0242
9/4/2010,2211,245468,0.009,0.47,1043.12,4,37,28.17,0.0168
9/5/2010,2457,194335,0.0126,0.42,1031.72,3.8,42,24.56,0.0171
9/6/2010,2727,199237,0.0137,0.39,1067.40,3.6,49,21.78,0.018
9/7/2010,1974,150641,0.0131,0.45,887.21,3.4,39,22.73,0.0198
9/8/2010,1785,148683,0.012,0.42,752.75,3.6,45,16.73,0.0252
9/9/2010,1765,124568,0.0142,0.43,763.61,3.9,42,18.18,0.0238
9/10/2010,1629,70716,0.023,0.29,467.52,3.6,39,11.98,0.024
9/11/2010,1433,41180,0.0348,0.15,216.23,3.3,33,6.55,0.0231
9/12/2010,1553,45762,0.0339,0.15,228.89,3.4,46,4.97,0.0297
9/13/2010,1612,44419,0.0363,0.15,245.71,3.3,32,7.68,0.0199
9/14/2010,1620,45332,0.0357,0.17,270.58,3.3,49,5.52,0.0304
9/15/2010,1657,42290,0.0392,0.14,232.96,3.3,54,4.31,0.0326
9/16/2010,1730,41596,0.0416,0.16,282.86,3.4,46,6.15,0.0266
9/17/2010,1577,37923,0.0416,0.16,258.52,3.6,36,7.15,0.0229
9/18/2010,1594,38538,0.0414,0.16,260.75,3.8,45,5.79,0.0283
9/19/2010,1819,48531,0.0375,0.19,348.37,3.9,52,6.69,0.0286
9/20/2010,1812,47878,0.0378,0.18,326.85,3.9,51,6.41,0.0282
9/21/2010,1695,44373,0.0382,0.16,274.22,3.8,65,4.22,0.0384
9/22/2010,1767,51151,0.0345,0.17,302.22,4.1,57,5.3,0.0323
9/23/2010,1703,54483,0.0313,0.18,298.58,3.7,46,6.48,0.0271
9/24/2010,1691,53194,0.0318,0.19,319.38,3.7,45,7.1,0.0266
9/25/2010,1637,52520,0.0312,0.17,278.28,4,31,8.94,0.019
9/26/2010,1692,58592,0.0289,0.16,267.58,4,34,7.87,0.0201
9/27/2010,1770,60317,0.0293,0.18,311.10,3.9,39,7.96,0.0221
9/28/2010,1572,61338,0.0256,0.16,249.91,3.9,55,4.54,0.035
9/29/2010,1565,57472,0.0272,0.16,248.52,3.9,24,10.35,0.0154
9/30/2010,1549,53061,0.0292,0.16,246.01,3.9,43,5.72,0.0278
10/1/2010,1585,56323,0.0281,0.18,280.89,3.8,31,9.06,0.0196
10/2/2010,1428,55869,0.0256,0.14,199.16,4.1,34,5.85,0.0239
10/3/2010,1665,63997,0.026,0.15,249.08,4.2,40,6.22,0.0241
10/4/2010,1837,61952,0.0297,0.16,291.12,4.1,47,6.19,0.0256
10/5/2010,1510,53670,0.0281,0.21,313.57,4.1,34,9.22,0.0225
10/6/2010,1585,58311,0.0272,0.21,325.60,4,61,5.34,0.0385
10/7/2010,1579,60568,0.0261,0.22,345.23,4.1,49,7.05,0.031
10/8/2010,1576,53045,0.0297,0.21,333.71,4,28,11.92,0.0178
10/9/2010,1465,52687,0.0278,0.22,327.66,4.1,26,12.6,0.0177
10/10/2010,1617,59869,0.027,0.24,381.25,4,49,7.78,0.0303
10/11/2010,1762,66950,0.0263,0.23,407.29,4.2,49,8.31,0.0278
10/12/2010,1547,85571,0.0181,0.25,389.45,4.3,45,8.65,0.0291
10/13/2010,1602,83331,0.0192,0.25,396.79,3.8,29,13.68,0.0181
10/14/2010,1651,76013,0.0217,0.25,418.39,3.6,43,9.73,0.026
10/15/2010,1571,57773,0.0272,0.23,367.38,3.8,34,10.81,0.0216
10/16/2010,1382,38152,0.0362,0.26,358.98,4,28,12.82,0.0203
10/17/2010,1641,42796,0.0383,0.26,425.01,3.9,34,12.5,0.0207
10/18/2010,1865,46253,0.0403,0.25,458.39,3.8,51,8.99,0.0273
10/19/2010,1679,48481,0.0346,0.3,501.05,3.8,49,10.23,0.0292
10/20/2010,1542,45305,0.034,0.23,358.04,3.8,37,9.68,0.024
10/21/2010,1585,50370,0.0315,0.24,381.58,3.8,37,10.31,0.0233
10/22/2010,1700,50645,0.0336,0.22,377.42,3.7,38,9.93,0.0224
10/23/2010,1553,49796,0.0312,0.27,422.04,3.9,48,8.79,0.0309
10/24/2010,1728,57906,0.0298,0.22,376.48,3.7,53,7.1,0.0307
10/25/2010,1846,63614,0.029,0.23,421.51,3.7,42,10.04,0.0228
10/26/2010,1701,58730,0.029,0.23,398.82,3.7,46,8.67,0.027
10/27/2010,1638,64097,0.0256,0.22,357.99,3.7,50,7.16,0.0305
10/28/2010,1568,60401,0.026,0.2,318.58,3.6,40,7.96,0.0255
10/29/2010,2099,55391,0.0379,0.2,414.64,3.5,36,11.52,0.0172
10/30/2010,1518,51178,0.0297,0.2,298.82,3.5,48,6.23,0.0316
10/31/2010,1607,55847,0.0288,0.19,304.83,3.5,38,8.02,0.0236
11/1/2010,1798,62206,0.0289,0.21,377.87,3.5,60,6.3,0.0334
11/2/2010,1855,64487,0.0288,0.21,395.03,3.5,48,8.23,0.0259
11/3/2010,1922,71176,0.027,0.23,437.69,3.6,46,9.52,0.0239
11/4/2010,2001,78825,0.0254,0.22,448.92,3.9,58,7.74,0.029
11/5/2010,1863,77149,0.0241,0.22,404.94,3.6,38,10.66,0.0204
11/6/2010,1805,70148,0.0257,0.25,448.17,3.5,49,9.15,0.0271
11/7/2010,2030,107014,0.019,0.24,477.05,3.2,46,10.37,0.0227
11/8/2010,2155,82915,0.026,0.24,517.40,3.5,58,8.92,0.0269
11/9/2010,2057,82124,0.025,0.24,494.76,3.6,57,8.68,0.0277
11/10/2010,2161,79154,0.0273,0.23,486.55,3.4,62,7.85,0.0287
11/11/2010,2566,92668,0.0277,0.24,614.98,3.5,61,10.08,0.0238
11/12/2010,2275,90838,0.025,0.23,519.71,3.5,55,9.45,0.0242
11/13/2010,2323,93720,0.0248,0.24,567.02,3.6,75,7.56,0.0323
11/14/2010,2734,109635,0.0249,0.22,603.10,3.5,63,9.57,0.023
11/15/2010,3031,109252,0.0277,0.23,710.95,3.5,77,9.23,0.0254
11/16/2010,2640,117639,0.0224,0.26,682.51,3.6,73,9.35,0.0277
11/17/2010,2812,123306,0.0228,0.25,708.01,3.3,75,9.44,0.0267
11/18/2010,2911,136748,0.0213,0.25,742.12,3.6,79,9.39,0.0271
11/19/2010,2925,125836,0.0232,0.23,681.32,3.6,72,9.46,0.0246
11/20/2010,2765,102642,0.0269,0.23,636.85,3.5,71,8.97,0.0257
11/21/2010,3513,133522,0.0263,0.23,815.90,3.5,87,9.38,0.0248
11/22/2010,4878,229617,0.0212,0.24,1163.08,3.9,98,11.87,0.0201
11/23/2010,5585,339544,0.0164,0.28,1577.42,3,97,16.26,0.0174
11/24/2010,5712,266397,0.0214,0.27,1549.57,3.1,96,16.14,0.0168
11/25/2010,8333,437210,0.0191,0.2,1706.99,3.1,170,10.04,0.0204
11/26/2010,9822,444019,0.0221,0.2,1970.65,3.2,247,7.98,0.0251
11/27/2010,4380,318729,0.0137,0.22,981.69,3.5,116,8.46,0.0265
11/28/2010,4483,365418,0.0123,0.23,1016.73,3.1,81,12.55,0.0181
11/29/2010,6816,381701,0.0179,0.23,1553.58,3.2,161,9.65,0.0236
11/30/2010,3475,153995,0.0226,0.19,669.44,3.5,69,9.7,0.0199
12/1/2010,3011,131504,0.0229,0.19,576.44,3.5,77,7.49,0.0256
12/2/2010,2983,114784,0.026,0.19,558.46,3.6,73,7.65,0.0245
12/3/2010,2692,98250,0.0274,0.19,498.85,3.6,65,7.67,0.0241
12/4/2010,2602,98409,0.0264,0.19,494.17,3.6,59,8.38,0.0227
12/5/2010,3033,123566,0.0245,0.18,536.36,3.6,91,5.89,0.03
12/6/2010,3178,122426,0.026,0.18,567.60,3.6,81,7.01,0.0255
12/7/2010,2826,104345,0.0271,0.18,502.77,3.8,84,5.99,0.0297
12/8/2010,2815,90350,0.0312,0.16,445.20,3.6,106,4.2,0.0377
12/9/2010,2667,109652,0.0243,0.15,394.13,3.7,79,4.99,0.0296
12/10/2010,2699,73096,0.0369,0.16,433.57,3.9,95,4.56,0.0352
12/11/2010,2570,74700,0.0344,0.16,406.25,3.8,78,5.21,0.0304
12/12/2010,2936,85648,0.0343,0.15,431.49,3.7,89,4.85,0.0303
12/13/2010,3091,87022,0.0355,0.15,450.42,3.8,78,5.77,0.0252
12/14/2010,3112,81451,0.0382,0.15,459.42,3.8,103,4.46,0.0331
12/15/2010,3258,83189,0.0392,0.14,466.12,3.7,115,4.05,0.0353
12/16/2010,3144,77815,0.0404,0.15,483.36,3.8,101,4.79,0.0321
12/17/2010,3762,74091,0.0508,0.15,558.93,3.8,95,5.88,0.0253
12/18/2010,3035,67538,0.0449,0.15,456.39,3.7,97,4.71,0.032
12/19/2010,3242,79428,0.0408,0.14,446.11,3.9,99,4.51,0.0305
12/20/2010,3814,86854,0.0439,0.15,572.99,3.7,124,4.62,0.0325
12/21/2010,3577,140433,0.0255,0.16,582.80,3.7,104,5.6,0.0291
12/22/2010,3341,124614,0.0268,0.17,564.87,3.7,104,5.43,0.0311
12/23/2010,3094,104140,0.0297,0.15,478.72,3.7,83,5.77,0.0268
12/24/2010,1844,79826,0.0231,0.17,311.28,3.7,54,5.76,0.0293
12/25/2010,1739,106331,0.0164,0.19,331.38,3.8,17,19.49,0.0098
12/26/2010,3301,156578,0.0211,0.18,591.78,3.5,44,13.45,0.0133
12/27/2010,3370,161597,0.0209,0.19,648.34,3.6,82,7.91,0.0243
12/28/2010,3073,152667,0.0201,0.19,574.81,3.6,65,8.84,0.0212
12/29/2010,2721,143320,0.019,0.19,511.17,3.5,59,8.66,0.0217
12/30/2010,2524,129152,0.0195,0.19,470.32,3.4,49,9.6,0.0194
12/31/2010,2072,103702,0.02,0.21,425.58,3.4,32,13.3,0.0154
1/1/2011,2233,124071,0.018,0.19,431.46,3.3,41,10.52,0.0184
1/2/2011,2567,141457,0.0181,0.18,455.01,3.3,58,7.84,0.0226
1/3/2011,2589,137821,0.0188,0.19,489.22,3.3,61,8.02,0.0236
1/4/2011,2320,119740,0.0194,0.2,464.13,3.4,54,8.6,0.0233
1/5/2011,2310,118733,0.0195,0.22,500.75,3.5,66,7.59,0.0286
1/6/2011,2260,122077,0.0185,0.23,516.42,3.7,46,11.23,0.0204
1/7/2011,2286,120126,0.019,0.21,472.71,3.5,48,9.85,0.021
1/8/2011,2154,119470,0.018,0.25,535.42,3.6,40,13.39,0.0186
1/9/2011,2651,138765,0.0191,0.22,578.77,3.7,65,8.9,0.0245
1/10/2011,2548,128392,0.0198,0.21,541.39,3.6,66,8.2,0.0259
1/11/2011,2280,124074,0.0184,0.25,574.18,3.6,53,10.83,0.0232
1/12/2011,2281,123241,0.0185,0.28,637.54,3.5,52,12.26,0.0228
1/13/2011,2382,134601,0.0177,0.29,685.52,3.4,38,18.04,0.016
1/14/2011,2468,132523,0.0186,0.29,723.11,3.3,48,15.06,0.0194
1/15/2011,2379,152504,0.0156,0.33,780.20,3.4,35,22.29,0.0147
1/16/2011,2742,154533,0.0177,0.3,832.77,3.4,48,17.35,0.0175
1/17/2011,2683,183896,0.0146,0.31,844.98,3.6,49,17.24,0.0183
1/18/2011,2272,162350,0.014,0.3,674.44,3.6,50,13.49,0.022
1/19/2011,2193,156297,0.014,0.32,699.46,3.5,46,15.21,0.021
1/20/2011,2253,153126,0.0147,0.34,758.10,3.6,43,17.63,0.0191
1/21/2011,2298,159001,0.0145,0.31,705.83,3.6,26,27.15,0.0113
1/22/2011,2233,160600,0.0139,0.34,752.31,3.7,47,16.01,0.021
1/23/2011,2525,185215,0.0136,0.31,782.62,3.6,44,17.79,0.0174
1/24/2011,2948,147799,0.0199,0.27,800.92,3.4,58,13.81,0.0197
1/25/2011,2319,131900,0.0176,0.28,645.97,3.3,50,12.92,0.0216
1/26/2011,2560,131252,0.0195,0.27,700.31,3.2,75,9.34,0.0293
1/27/2011,2456,130682,0.0188,0.27,666.41,3.2,50,13.33,0.0204
1/28/2011,2518,140831,0.0179,0.27,670.51,3.1,44,15.24,0.0175
1/29/2011,2338,150461,0.0155,0.29,671.42,3.1,50,13.43,0.0214
1/30/2011,2762,173196,0.0159,0.27,757.55,3.1,54,14.03,0.0196
1/31/2011,2769,172493,0.0161,0.27,753.41,3.2,68,11.08,0.0246
2/1/2011,2590,161201,0.0161,0.36,922.40,3.1,59,15.63,0.0228
2/2/2011,2538,152058,0.0167,0.35,891.30,3.1,43,20.73,0.0169
2/3/2011,2775,144909,0.0191,0.41,1128.22,3.1,58,19.45,0.0209
2/4/2011,3246,144674,0.0224,0.41,1341.33,2.7,58,23.13,0.0179
2/5/2011,3395,147158,0.0231,0.4,1353.77,2.5,63,21.49,0.0186
2/6/2011,3085,130666,0.0236,0.4,1226.29,2.6,66,18.58,0.0214
2/7/2011,2825,134512,0.021,0.45,1262.83,2.6,59,21.4,0.0209
2/8/2011,3098,125058,0.0248,0.44,1375.26,2.6,42,32.74,0.0136
2/9/2011,2897,136011,0.0213,0.45,1309.48,2.6,60,21.82,0.0207
2/10/2011,2844,162918,0.0175,0.44,1264.27,2.3,70,18.06,0.0246
2/11/2011,2641,126683,0.0208,0.44,1150.19,2.5,63,18.26,0.0239
2/12/2011,2432,114181,0.0213,0.48,1162.78,2.7,54,21.53,0.0222
2/13/2011,2743,122450,0.0224,0.41,1137.64,2.7,53,21.46,0.0193
2/14/2011,2557,109372,0.0234,0.47,1214.15,2.7,66,18.4,0.0258
2/15/2011,2814,115439,0.0244,0.61,1707.07,2.8,70,24.39,0.0249
2/16/2011,2951,136831,0.0216,0.64,1885.78,2.5,74,25.48,0.0251
2/17/2011,2923,134287,0.0218,0.6,1763.41,2.5,84,20.99,0.0287
2/18/2011,2930,129779,0.0226,0.61,1798.55,2.6,77,23.36,0.0263
2/19/2011,2903,132874,0.0218,0.66,1908.46,2.7,67,28.48,0.0231
2/20/2011,3133,152645,0.0205,0.61,1916.69,2.7,71,27,0.0227
2/21/2011,3436,157251,0.0219,0.65,2216.55,2.6,77,28.79,0.0224
2/22/2011,2850,126249,0.0226,0.68,1934.35,2.6,71,27.24,0.0249
2/23/2011,2810,130305,0.0216,0.68,1897.10,2.5,73,25.99,0.026
2/24/2011,2750,184040,0.0149,0.74,2028.22,2.5,63,32.19,0.0229
2/25/2011,2759,131697,0.0209,0.71,1956.13,2.9,67,29.2,0.0243
2/26/2011,2665,141447,0.0188,0.74,1959.75,3,62,31.61,0.0233
2/27/2011,3194,149833,0.0213,0.67,2138.31,3.2,54,39.6,0.0169
2/28/2011,3275,151307,0.0216,0.66,2146.80,2.9,78,27.52,0.0238
3/1/2011,2777,129727,0.0214,0.73,2041.02,2.9,84,24.3,0.0302
3/2/2011,2604,127640,0.0204,0.74,1935.33,2.8,57,33.95,0.0219
3/3/2011,2609,123206,0.0212,0.78,2028.79,2.9,55,36.89,0.0211
3/4/2011,2686,123584,0.0217,0.78,2094.30,2.9,51,41.06,0.019
3/5/2011,2794,134900,0.0207,0.81,2270.81,2.9,58,39.15,0.0208
3/6/2011,2763,140039,0.0197,0.77,2133.66,3,63,33.87,0.0228
3/7/2011,2771,142016,0.0195,0.78,2151.79,2.9,82,26.24,0.0296
3/8/2011,2664,132560,0.0201,0.85,2259.40,2.9,52,43.45,0.0195
3/9/2011,2483,115566,0.0215,0.78,1944.98,2.9,74,26.28,0.0298
3/10/2011,2340,110021,0.0213,0.77,1810.71,3,59,30.69,0.0252
3/11/2011,2264,98824,0.0229,0.81,1844.09,3.1,51,36.16,0.0225
3/12/2011,2282,106892,0.0213,0.82,1859.97,3.2,57,32.63,0.025
3/13/2011,2349,111173,0.0211,0.85,1991.92,3.3,63,31.62,0.0268
3/14/2011,2784,122408,0.0227,0.85,2362.99,3.1,66,35.8,0.0237
3/15/2011,2621,115894,0.0226,0.86,2247.34,3,75,29.96,0.0286
3/16/2011,2521,122087,0.0206,0.83,2100.41,3.2,52,40.39,0.0206
3/17/2011,2529,126900,0.0199,0.87,2206.20,3.2,66,33.43,0.0261
3/18/2011,2462,124904,0.0197,0.88,2154.79,3.3,50,43.1,0.0203
3/19/2011,2311,130494,0.0177,0.95,2185.28,3.4,55,39.73,0.0238
3/20/2011,2635,160714,0.0164,0.86,2255.25,3.5,58,38.88,0.022
3/21/2011,2668,161564,0.0165,0.83,2208.22,3.4,74,29.84,0.0277
3/22/2011,2355,132908,0.0177,0.91,2150.34,3.4,56,38.4,0.0238
3/23/2011,2323,106607,0.0218,0.88,2036.75,3.3,55,37.03,0.0237
3/24/2011,2012,75038,0.0268,0.67,1341.79,3.3,57,23.54,0.0283
3/25/2011,1949,63719,0.0306,0.59,1154.08,3.3,75,15.39,0.0385
3/26/2011,2061,69937,0.0295,0.64,1315.01,3.6,56,23.48,0.0272
3/27/2011,2378,82907,0.0287,0.57,1345.61,3.4,48,28.03,0.0202
3/28/2011,2349,84520,0.0278,0.54,1275.03,3.4,88,14.49,0.0375
3/29/2011,2338,89067,0.0262,0.51,1190.96,3.4,75,15.88,0.0321
3/30/2011,2445,86124,0.0284,0.46,1136.06,3.5,56,20.29,0.0229
3/31/2011,2322,85695,0.0271,0.45,1036.71,3.5,52,19.94,0.0224
4/1/2011,2250,77368,0.0291,0.45,1019.40,3.6,68,14.99,0.0302
4/2/2011,2258,78035,0.0289,0.44,1003.34,3.6,27,37.16,0.012
4/3/2011,2451,87958,0.0279,0.44,1079.43,3.6,51,21.17,0.0208
4/4/2011,2538,95139,0.0267,0.39,998.34,3.7,69,14.47,0.0272
4/5/2011,2475,86558,0.0286,0.45,1103.44,3.6,58,19.02,0.0234
4/6/2011,2333,81792,0.0285,0.42,988.06,3.6,50,19.76,0.0214
4/7/2011,2413,82943,0.0291,0.43,1033.35,3.5,57,18.13,0.0236
4/8/2011,2398,78687,0.0305,0.4,963.69,3.5,45,21.42,0.0188
4/9/2011,2112,75321,0.028,0.4,840.94,3.7,47,17.89,0.0223
4/10/2011,2365,83587,0.0283,0.39,914.66,3.8,47,19.46,0.0199
4/11/2011,2510,87056,0.0288,0.37,940.65,3.7,43,21.88,0.0171
4/12/2011,2386,84866,0.0281,0.36,869.97,3.7,51,17.06,0.0214
4/13/2011,2322,84961,0.0273,0.37,865.69,3.6,49,17.67,0.0211
4/14/2011,2319,82540,0.0281,0.37,846.75,3.5,63,13.44,0.0272
4/15/2011,2239,68459,0.0327,0.41,927.91,3.7,36,25.78,0.0161
4/16/2011,1989,66913,0.0297,0.4,787.57,3.8,43,18.32,0.0216
4/17/2011,2153,71832,0.03,0.38,810.32,3.8,36,22.51,0.0167
4/18/2011,2643,82847,0.0319,0.37,977.06,3.8,63,15.51,0.0238
4/19/2011,2413,77487,0.0311,0.38,917.43,3.7,47,19.52,0.0195
4/20/2011,2225,73426,0.0303,0.38,848.36,3.7,48,17.67,0.0216
4/21/2011,2278,66797,0.0341,0.38,859.48,3.5,57,15.08,0.025
4/22/2011,2305,64295,0.0359,0.42,979.07,3.5,51,19.2,0.0221
4/23/2011,2006,62537,0.0321,0.4,807.24,3.6,34,23.74,0.0169
4/24/2011,1973,62019,0.0318,0.35,695.91,3.4,33,21.09,0.0167
4/25/2011,2672,78594,0.034,0.34,921.17,3.5,54,17.06,0.0202
4/26/2011,2459,72261,0.034,0.39,952.95,3.4,60,15.88,0.0244
4/27/2011,2362,79906,0.0296,0.4,945.22,4,58,16.3,0.0246
4/28/2011,2320,69402,0.0334,0.41,947.79,3.7,70,13.43,0.0302
4/29/2011,2149,61266,0.0351,0.36,770.41,3.5,44,17.51,0.0205
4/30/2011,2169,62727,0.0346,0.41,882.03,3.6,59,14.88,0.0273
5/1/2011,2484,73738,0.0337,0.4,991.83,3.5,48,20.66,0.0193
5/2/2011,2550,71407,0.0357,0.38,966.23,3.4,68,14.2,0.0267
5/3/2011,2344,64917,0.0361,0.38,899.29,3.3,57,15.7,0.0244
5/4/2011,2310,63058,0.0366,0.36,826.75,3.4,64,12.91,0.0277
5/5/2011,2212,58633,0.0377,0.39,864.06,3.3,47,18.36,0.0213
5/6/2011,2281,56288,0.0405,0.36,815.47,3.3,51,15.97,0.0224
5/7/2011,2036,55270,0.0368,0.36,741.52,3.5,28,26.35,0.0138
5/8/2011,2034,61664,0.033,0.35,714.38,3.5,55,12.91,0.0271
5/9/2011,2606,75447,0.0345,0.38,985.26,3.5,67,14.68,0.0257
5/10/2011,2375,66561,0.0357,0.4,946.56,3.4,53,17.82,0.0224
5/11/2011,2385,67918,0.0351,0.39,934.93,3.4,53,17.62,0.0222
5/12/2011,2369,65439,0.0362,0.4,948.20,3.5,59,15.98,0.025
5/13/2011,2392,60204,0.0397,0.38,914.08,3.4,52,17.52,0.0218
5/14/2011,2193,59288,0.037,0.46,1007.20,3.6,45,22.34,0.0206
5/15/2011,2457,65887,0.0373,0.4,990.32,3.6,61,16.22,0.0248
5/16/2011,2704,72703,0.0372,0.38,1032.66,3.7,71,14.46,0.0263
5/17/2011,2340,64804,0.0361,0.4,927.64,3.6,57,16.26,0.0244
5/18/2011,2367,62817,0.0377,0.38,900.75,3.6,62,14.47,0.0262
5/19/2011,2181,61637,0.0354,0.39,859.26,3.8,48,17.9,0.022
5/20/2011,2169,65257,0.0332,0.37,807.21,4.5,48,16.69,0.0222
5/21/2011,2041,69376,0.0294,0.38,785.04,4.9,53,14.76,0.026
5/22/2011,2354,84772,0.0278,0.37,864.65,5,44,19.59,0.0187
5/23/2011,2505,84455,0.0297,0.34,856.92,4.8,72,11.88,0.0288
5/24/2011,2245,77805,0.0289,0.35,790.48,4.7,48,16.4,0.0214
5/25/2011,2653,111302,0.0238,0.59,1572.04,4.3,57,27.4,0.0216
5/26/2011,2799,118300,0.0237,0.61,1696.03,4.3,52,32.56,0.0186
5/27/2011,3289,121706,0.027,0.54,1770.17,4.3,55,32.17,0.0167
5/28/2011,3227,131046,0.0246,0.56,1812.32,4.3,58,31.16,0.018
5/29/2011,3263,143501,0.0227,0.52,1706.13,4.2,69,24.69,0.0212
5/30/2011,3452,153228,0.0225,0.52,1794.02,4.2,70,25.59,0.0203
5/31/2011,1625,79657,0.0204,0.52,853.02,4.3,35,24.36,0.0216
6/1/2011,983,56171,0.0175,0.86,844.47,3.7,12,70.37,0.0122
6/2/2011,2324,116546,0.0199,0.6,1384.23,4,48,28.78,0.0207
6/3/2011,2517,109071,0.0231,0.55,1387.81,3.9,61,22.74,0.0243
6/4/2011,2427,107254,0.0226,0.59,1438.58,4,57,25.19,0.0235
6/5/2011,438,20985,0.0209,0.59,259.09,4.1,7,37.01,0.016
6/6/2011,2932,130931,0.0224,0.59,1740.06,3.8,72,24.12,0.0246
6/7/2011,2519,116056,0.0217,0.58,1448.61,3.7,54,26.82,0.0215
6/8/2011,2629,103194,0.0255,0.63,1654.35,3.7,66,24.97,0.0252
6/9/2011,2498,102710,0.0243,0.62,1538.40,3.7,62,24.8,0.0248
6/10/2011,2131,55811,0.0382,0.48,1029.13,3.4,59,17.44,0.0277
6/11/2011,2015,45156,0.0446,0.49,977.68,3.3,56,17.44,0.0278
6/12/2011,2269,48471,0.0468,0.44,993.34,3.3,59,16.79,0.026
6/13/2011,2495,57982,0.043,0.46,1141.57,3.3,67,16.95,0.0269
6/14/2011,2256,56159,0.0402,0.38,849.92,3.7,58,14.61,0.0257
6/15/2011,2214,49381,0.0448,0.38,832.37,3.4,62,13.38,0.0281
6/16/2011,2152,42482,0.0507,0.39,837.60,3.7,66,12.52,0.0308
6/17/2011,2175,35913,0.0606,0.38,836.93,3.3,56,14.74,0.0258
6/18/2011,2041,34157,0.0598,0.4,818.97,3.6,38,21.39,0.0187
6/19/2011,2049,41559,0.0493,0.38,773.36,3.9,42,18.4,0.0205
6/20/2011,2292,37300,0.0614,0.36,815.68,3.6,63,12.89,0.0275
6/21/2011,2144,33687,0.0636,0.36,762.25,3.4,65,11.71,0.0303
6/22/2011,1924,22402,0.0859,0.26,500.69,2.8,63,7.91,0.0328
6/23/2011,1802,13666,0.1319,0.18,315.39,2.4,40,7.88,0.0222
6/24/2011,1725,16121,0.107,0.15,264.93,2.7,66,4.01,0.0383
6/25/2011,1555,16957,0.0917,0.13,209.56,2.9,46,4.56,0.0296
6/26/2011,1824,16838,0.1083,0.14,258.80,2.8,50,5.18,0.0274
6/27/2011,2024,13858,0.1461,0.14,289.94,2.3,56,5.18,0.0277
6/28/2011,1840,16630,0.1106,0.15,273.79,2.9,55,4.98,0.0299
6/29/2011,1821,19022,0.0957,0.16,298.07,2.9,48,6.21,0.0264
6/30/2011,1836,16497,0.1113,0.17,309.50,2.8,62,4.99,0.0338
7/1/2011,1845,17177,0.1074,0.16,295.61,2.8,50,5.91,0.0271
7/2/2011,1886,13500,0.1397,0.16,299.70,2.4,37,8.1,0.0196
7/3/2011,1927,18769,0.1027,0.14,278.99,2.8,63,4.43,0.0327
7/4/2011,1944,16631,0.1169,0.15,290.17,2.6,73,3.97,0.0376
7/5/2011,2025,27169,0.0745,0.27,542.07,2.6,72,7.53,0.0356
7/6/2011,2371,33812,0.0701,0.25,599.01,3,53,11.3,0.0224
7/7/2011,1935,25171,0.0769,0.28,548.20,2.9,64,8.44,0.0331
7/8/2011,1978,24746,0.0799,0.28,555.83,3,53,10.49,0.0268
7/9/2011,1935,21882,0.0884,0.28,541.61,2.7,43,12.56,0.0222
7/10/2011,2104,22912,0.0918,0.25,528.79,2.7,59,8.96,0.028
7/11/2011,2361,49861,0.0474,0.34,801.50,3.8,75,10.69,0.0318
7/12/2011,2296,51570,0.0445,0.33,747.93,3.5,63,11.82,0.0275
7/13/2011,2201,58772,0.0374,0.34,739.97,3.8,75,9.83,0.0341
7/14/2011,2172,47682,0.0456,0.35,756.66,3.8,70,10.77,0.0323
7/15/2011,2263,41046,0.0551,0.32,714.02,3.7,61,11.6,0.027
7/16/2011,2068,36233,0.0571,0.33,684.05,3.5,53,12.84,0.0257
7/17/2011,2180,33974,0.0642,0.32,704.67,3.3,58,12.12,0.0266
7/18/2011,2440,41659,0.0586,0.31,764.76,3.2,71,10.77,0.0291
7/19/2011,2477,73595,0.0337,0.51,1271.97,3.4,65,19.51,0.0263
7/20/2011,2496,69592,0.0359,0.5,1257.45,3.5,64,19.62,0.0257
7/21/2011,2364,71658,0.033,0.53,1251.05,3.4,70,17.71,0.0297
7/22/2011,2291,61203,0.0374,0.51,1176.62,3.3,66,17.83,0.0288
7/23/2011,2165,58312,0.0371,0.55,1200.44,3.3,50,23.9,0.0231
7/24/2011,2456,65222,0.0377,0.51,1241.82,3.3,72,17.21,0.0294
7/25/2011,2573,77499,0.0332,0.48,1234.68,3.4,65,18.84,0.0253
7/26/2011,2358,71367,0.033,0.56,1320.86,3.6,65,20.28,0.0276
7/27/2011,2307,70213,0.0329,0.58,1348.41,3.1,74,18.16,0.0321
7/28/2011,2231,72290,0.0309,0.57,1270.69,3.3,69,18.23,0.031
7/29/2011,2187,61976,0.0353,0.56,1232.71,3.2,53,23.22,0.0243
7/30/2011,2130,59155,0.036,0.55,1168.96,3.2,53,21.96,0.025
7/31/2011,2560,70091,0.0365,0.49,1250.11,3.2,78,16.02,0.0305
8/1/2011,2862,74038,0.0387,0.5,1428.63,3.2,64,22.32,0.0224
8/2/2011,3078,57915,0.0531,0.36,1113.75,3.2,52,21.4,0.0169
8/3/2011,2323,48970,0.0474,0.43,990.42,3,63,15.65,0.0272
8/4/2011,2257,50643,0.0446,0.42,956.49,3.1,71,13.47,0.0315
8/5/2011,2391,47829,0.05,0.41,974.72,3.2,66,14.52,0.0277
8/6/2011,2227,43042,0.0517,0.41,908.21,3.1,69,13.11,0.0311
8/7/2011,2471,42717,0.0578,0.37,920.41,3,71,12.96,0.0287
8/8/2011,2415,45769,0.0528,0.41,979.53,3,75,13.03,0.0311
8/9/2011,2292,42837,0.0535,0.42,962.75,3.1,73,13.17,0.0319
8/10/2011,2202,46969,0.0469,0.42,928.90,3.1,67,13.81,0.0305
8/11/2011,2154,49941,0.0431,0.41,893.21,3.1,70,12.76,0.0325
8/12/2011,2148,45820,0.0469,0.44,940.38,3,62,15.02,0.0289
8/13/2011,2284,41130,0.0555,0.39,901.84,3.1,56,16.05,0.0246
8/14/2011,2402,45868,0.0524,0.38,918.82,3.1,66,13.84,0.0275
8/15/2011,2514,50607,0.0497,0.41,1034.96,3.1,63,16.38,0.0251
8/16/2011,2416,45782,0.0528,0.41,1002.30,3,65,15.41,0.0269
8/17/2011,2340,46521,0.0503,0.41,956.24,3,73,13.07,0.0313
8/18/2011,2378,49479,0.0481,0.4,940.16,3,63,14.89,0.0265
8/19/2011,2335,38639,0.0604,0.42,984.76,3.1,51,19.27,0.0219
8/20/2011,2612,41152,0.0635,0.39,1014.18,2.9,77,13.14,0.0295
8/21/2011,2808,38545,0.0728,0.36,1000.33,3.1,71,14.07,0.0253
8/22/2011,2963,41138,0.072,0.37,1085.00,3,64,16.95,0.0216
8/23/2011,2643,38566,0.0685,0.37,984.42,2.9,79,12.4,0.0299
8/24/2011,2287,22055,0.1037,0.3,674.71,2.6,61,11.06,0.0267
8/25/2011,2239,30316,0.0739,0.35,782.37,2.5,63,12.42,0.0282
8/26/2011,2262,33479,0.0676,0.37,826.46,2.7,66,12.5,0.0292
8/27/2011,2338,29984,0.078,0.39,917.05,2.7,71,12.92,0.0304
8/28/2011,2617,32289,0.081,0.33,870.27,2.6,71,12.2,0.0272
8/29/2011,2091,18462,0.1133,0.24,496.57,2.4,62,8.01,0.0297
8/30/2011,996,4971,0.2004,0.15,151.23,1.5,33,4.58,0.0331
9/1/2011,1725,31857,0.0541,0.48,832.83,2.8,59,14.11,0.0342
9/2/2011,2825,38070,0.0742,0.39,1094.69,2.7,73,15,0.0258
9/3/2011,2744,35842,0.0766,0.41,1128.51,2.7,56,20.1,0.0204
9/4/2011,2832,36593,0.0774,0.38,1084.29,2.7,73,14.85,0.0258
9/5/2011,2854,36614,0.0779,0.34,959.43,2.6,83,11.54,0.0291
9/6/2011,2621,39029,0.0672,0.34,897.12,2.6,66,13.57,0.0252
9/7/2011,2129,37396,0.0569,0.42,896.18,2.6,49,18.14,0.0231
9/8/2011,2122,38921,0.0545,0.43,907.35,2.6,64,14.1,0.0303
9/9/2011,2066,36015,0.0574,0.41,839.42,2.6,54,15.37,0.0263
9/10/2011,2110,35428,0.0596,0.42,881.64,2.5,69,12.73,0.0327
9/11/2011,2115,35714,0.0592,0.4,845.48,2.6,67,12.57,0.0317
9/12/2011,2295,36882,0.0622,0.35,812.22,2.5,58,13.91,0.0253
9/13/2011,2236,32838,0.0681,0.37,832.04,2.6,68,12.14,0.0305
9/14/2011,2217,37338,0.0594,0.35,783.44,2.5,78,9.91,0.0353
9/15/2011,2394,50981,0.047,0.47,1131.72,2.6,86,13.09,0.036
9/16/2011,2391,57985,0.0412,0.47,1113.03,2.7,77,14.4,0.0323
9/17/2011,2299,62510,0.0368,0.51,1176.83,2.6,61,19.21,0.0266
9/18/2011,2513,72504,0.0347,0.47,1170.22,2.6,84,13.89,0.0335
9/19/2011,2645,73577,0.0359,0.51,1344.64,2.7,74,18.13,0.0281
9/20/2011,2494,67246,0.0371,0.57,1410.92,2.6,66,21.28,0.0265
9/21/2011,2331,62506,0.0373,0.68,1581.67,2.4,69,22.77,0.0297
9/22/2011,2890,68731,0.042,0.53,1539.79,2.5,84,18.17,0.0292
9/23/2011,2406,76681,0.0314,0.59,1424.59,2.3,87,16.22,0.0363
9/24/2011,2342,69194,0.0338,0.62,1456.10,2.4,55,26.34,0.0236
9/25/2011,2610,77417,0.0337,0.58,1504.35,2.4,67,22.41,0.0257
9/26/2011,2601,92325,0.0282,0.56,1468.68,2.4,80,18.23,0.0309
9/27/2011,2348,93185,0.0252,0.59,1396.90,2.7,81,17.21,0.0346
9/28/2011,2392,102073,0.0234,0.58,1378.18,2.7,84,16.09,0.0353
9/29/2011,2313,88889,0.026,0.51,1178.57,2.7,73,15.98,0.0316
9/30/2011,2555,71818,0.0356,0.41,1055.93,2.6,70,15.01,0.0274
10/1/2011,1998,67222,0.0297,0.51,1026.14,2.6,61,16.82,0.0306
10/2/2011,2163,78143,0.0277,0.49,1058.17,2.6,63,16.75,0.0292
10/3/2011,2288,95027,0.0241,0.51,1161.19,2.6,56,20.57,0.0246
10/4/2011,2184,88066,0.0248,0.52,1145.43,2.6,73,15.6,0.0335
10/5/2011,2197,89711,0.0245,0.56,1239.14,2.7,60,20.47,0.0274
10/6/2011,2241,83473,0.0268,0.5,1122.20,2.7,77,14.52,0.0344
10/7/2011,2174,74917,0.029,0.49,1064.49,2.7,80,13.19,0.037
10/8/2011,2130,81427,0.0262,0.53,1125.11,2.7,66,16.92,0.0311
10/9/2011,2604,93540,0.0278,0.55,1438.78,2.8,101,14.17,0.0389
10/10/2011,2581,91846,0.0281,0.52,1350.35,2.9,100,13.45,0.0389
10/11/2011,2315,78952,0.0293,0.53,1221.04,2.9,64,19.05,0.0277
10/12/2011,2251,139359,0.0162,0.58,1314.01,2.5,91,14.25,0.0406
10/13/2011,2428,102411,0.0237,0.55,1335.45,2.9,89,14.91,0.0368
10/14/2011,2315,123226,0.0188,0.59,1361.06,2.7,111,12.22,0.0481
10/15/2011,2362,118051,0.02,0.55,1300.02,2.5,83,15.58,0.0353
10/16/2011,2652,132719,0.02,0.55,1446.15,2.5,89,16.2,0.0336
10/17/2011,2879,187488,0.0154,0.54,1541.06,2.5,118,13.01,0.0411
10/18/2011,2542,223927,0.0114,0.55,1408.22,2.5,91,15.33,0.0359
10/19/2011,2423,216657,0.0112,0.55,1342.77,2.4,88,15.2,0.0364
10/20/2011,2413,217689,0.0111,0.54,1294.85,2.4,96,13.44,0.0399
10/21/2011,2448,212645,0.0115,0.52,1284.31,2.3,90,14.18,0.0369
10/22/2011,2386,142222,0.0168,0.52,1242.65,2.7,82,14.97,0.0345
10/23/2011,2673,124348,0.0215,0.5,1344.03,3,146,9.16,0.0547
10/24/2011,2745,135847,0.0202,0.51,1400.42,2.9,106,13.19,0.0386
10/25/2011,2607,152624,0.0171,0.55,1431.02,3,93,15.32,0.0358
10/26/2011,2416,151642,0.0159,0.54,1303.01,3.1,95,13.69,0.0394
10/27/2011,2554,170207,0.015,0.5,1269.82,3.2,92,13.71,0.0361
10/28/2011,2391,114503,0.0209,0.54,1287.31,3.1,94,13.61,0.0394
10/29/2011,2370,99697,0.0238,0.48,1141.59,3,93,12.16,0.0394
10/30/2011,2650,103487,0.0256,0.5,1316.30,3,112,11.69,0.0424
10/31/2011,2358,112420,0.021,0.52,1222.07,3,100,12.1,0.0426
11/1/2011,2627,131856,0.0199,0.52,1368.54,2.9,100,13.57,0.0382
11/2/2011,2691,150075,0.0179,0.56,1502.01,2.8,105,14.24,0.0391
11/3/2011,3178,154408,0.0206,0.49,1552.41,2.6,107,14.41,0.0338
11/4/2011,2756,134919,0.0204,0.54,1486.91,2.7,136,10.88,0.0495
11/5/2011,2859,121310,0.0236,0.5,1438.26,2.7,130,10.93,0.0457
11/6/2011,3403,170008,0.02,0.47,1610.14,2.6,144,11.08,0.0425
11/7/2011,3299,169100,0.0195,0.51,1688.73,2.7,160,10.46,0.0487
11/8/2011,3353,193123,0.0174,0.49,1635.93,3.1,162,10.09,0.0484
11/9/2011,3218,204485,0.0157,0.48,1530.51,3.1,144,10.55,0.045
11/10/2011,3471,261807,0.0133,0.47,1619.19,2.9,171,9.45,0.0493
11/11/2011,3384,205758,0.0164,0.47,1603.35,2.9,173,9.22,0.0513
11/12/2011,3360,165576,0.0203,0.46,1558.86,2.9,163,9.56,0.0486
11/13/2011,3804,194883,0.0195,0.44,1665.31,2.8,186,8.92,0.049
11/14/2011,3836,231765,0.0166,0.43,1645.35,2.9,200,8.2,0.0522
11/15/2011,3807,243216,0.0157,0.47,1802.27,2.9,181,9.89,0.0477
11/16/2011,3572,270990,0.0132,0.47,1675.24,3.6,155,10.73,0.0436
11/17/2011,3575,228234,0.0157,0.47,1665.03,3.5,136,12.16,0.0381
11/18/2011,3541,233781,0.0151,0.44,1570.76,3.5,151,10.36,0.0428
11/19/2011,3785,197054,0.0192,0.45,1702.11,3.2,148,11.43,0.0392
11/20/2011,4765,238513,0.02,0.39,1876.62,3.1,207,9.02,0.0436
11/21/2011,5675,343909,0.0165,0.38,2147.02,3.2,227,9.4,0.0401
11/22/2011,5807,326458,0.0178,0.36,2082.96,3.1,177,11.69,0.0305
11/23/2011,6125,270068,0.0227,0.33,2044.72,3,152,13.31,0.0249
11/24/2011,9971,254104,0.0392,0.23,2341.86,2.9,244,9.58,0.0245
11/25/2011,8955,292918,0.0306,0.26,2337.31,3.2,244,9.52,0.0273
11/26/2011,5407,241199,0.0224,0.35,1917.24,3.1,219,8.71,0.0407
11/27/2011,5707,245663,0.0232,0.32,1812.89,3.2,213,8.49,0.0374
11/28/2011,7179,352502,0.0204,0.29,2115.37,3.4,268,7.83,0.0374
11/29/2011,4000,259431,0.0154,0.42,1685.43,3.4,178,9.45,0.0446
11/30/2011,3705,223161,0.0166,0.44,1635.44,3.5,176,9.26,0.0476
12/1/2011,3561,223365,0.0159,0.36,1285.71,3.4,141,9.06,0.0397
12/2/2011,3630,120915,0.03,0.33,1214.38,3,138,8.72,0.0381
12/3/2011,4234,111136,0.0381,0.31,1324.46,2.8,154,8.5,0.0365
12/4/2011,8430,123126,0.0685,0.21,1769.01,2.6,211,8.33,0.0251
12/5/2011,4205,145538,0.0289,0.33,1380.86,2.9,180,7.58,0.0429
12/6/2011,3594,127636,0.0282,0.34,1214.01,3,157,7.71,0.0438
12/7/2011,3493,112977,0.0309,0.33,1140.85,2.9,152,7.47,0.0436
12/8/2011,3663,118769,0.0308,0.32,1181.98,3,145,8.08,0.0397
12/9/2011,3431,104983,0.0327,0.33,1125.62,2.9,186,6.03,0.0543
12/10/2011,3682,82253,0.0448,0.34,1254.75,2.9,392,3.19,0.1067
12/11/2011,3987,84173,0.0474,0.3,1215.60,2.9,357,3.38,0.0898
12/12/2011,4087,126396,0.0323,0.34,1394.82,3.1,365,3.79,0.0895
12/13/2011,4105,119858,0.0342,0.34,1380.75,3.3,387,3.54,0.0946
12/14/2011,3974,111877,0.0355,0.33,1320.46,3,330,4,0.0831
12/15/2011,4256,104340,0.0408,0.31,1317.97,3,396,3.31,0.0933
12/16/2011,4349,86118,0.0505,0.31,1360.65,3.1,379,3.56,0.0875
12/17/2011,4044,81718,0.0495,0.36,1447.94,3.2,346,4.14,0.0858
12/18/2011,4349,85484,0.0509,0.35,1523.87,3.2,428,3.52,0.0987
12/19/2011,4596,101088,0.0455,0.38,1732.62,3.1,443,3.88,0.0967
12/20/2011,4393,122160,0.036,0.38,1689.33,3,390,4.3,0.0892
12/21/2011,4108,104540,0.0393,0.36,1497.06,3,416,3.57,0.1016
12/22/2011,4235,88685,0.0478,0.38,1622.44,3,441,3.65,0.1044
12/23/2011,4115,113226,0.0363,0.47,1939.98,3.2,436,4.44,0.1062
12/24/2011,2679,83221,0.0322,0.6,1612.73,3.2,283,5.66,0.1061
12/25/2011,2712,96593,0.0281,0.63,1711.93,3.2,146,11.7,0.0539
12/26/2011,4876,139055,0.0351,0.57,2779.18,3.2,366,7.42,0.0755
12/27/2011,4805,234377,0.0205,0.64,3073.38,3.4,328,9.29,0.0685
12/28/2011,4640,250728,0.0185,0.69,3179.92,3.4,324,9.76,0.07
12/29/2011,4262,261467,0.0163,0.71,3044.74,3.1,319,9.42,0.0752
12/30/2011,4061,249228,0.0163,0.73,2951.20,3.2,314,9.33,0.0776
12/31/2011,3596,104791,0.0343,0.53,1920.64,3.4,66,28.56,0.0184
1/1/2012,330,8520,0.0387,0.95,314.90,2.6,19,16.57,0.0576
1/2/2012,4576,273936,0.0167,0.72,3292.46,3.3,351,9.29,0.077
1/3/2012,3805,232917,0.0163,0.88,3345.02,3.1,263,12.63,0.0693
1/4/2012,3279,153903,0.0213,0.89,2920.49,2.9,270,10.79,0.0825
1/5/2012,3290,147282,0.0223,0.9,2954.30,2.6,263,11.19,0.0801
1/6/2012,3430,140539,0.0244,0.85,2925.31,2.8,260,11.19,0.076
1/7/2012,3529,134700,0.0262,0.86,3044.05,2.7,283,10.59,0.0807
1/8/2012,3890,148072,0.0263,0.8,3094.26,2.6,310,9.93,0.0798
1/9/2012,3634,125818,0.0289,0.77,2780.80,2.5,322,8.54,0.089
1/10/2012,3439,104538,0.0329,0.86,2953.33,2.2,275,10.66,0.0803
1/11/2012,3323,103519,0.0321,0.8,2650.43,2.3,238,10.99,0.072
1/12/2012,3432,100963,0.034,0.8,2750.32,2.3,256,10.64,0.0751
1/13/2012,3354,88821,0.0378,0.63,2112.34,2.4,325,6.42,0.0975
1/14/2012,3275,84329,0.0388,0.7,2287.47,2.3,327,6.74,0.1009
1/15/2012,3535,93541,0.0378,0.62,2190.08,2.5,318,6.83,0.0904
1/16/2012,3720,97960,0.038,0.64,2379.62,2.3,310,7.57,0.0839
1/17/2012,3289,92875,0.0354,0.68,2233.01,2.4,225,9.85,0.0687
1/18/2012,3185,102688,0.031,0.7,2214.50,2.4,228,9.57,0.072
1/19/2012,2853,76040,0.0375,0.71,2034.51,2.2,213,9.51,0.0748
1/20/2012,2897,62580,0.0463,0.74,2140.63,1.9,223,9.39,0.0776
1/21/2012,3055,56417,0.0542,0.69,2112.44,1.8,250,8.28,0.0825
1/22/2012,3292,60937,0.054,0.62,2047.65,1.7,268,7.58,0.0817
1/23/2012,3116,69176,0.045,0.7,2184.95,1.9,259,8.36,0.0834
1/24/2012,2999,66453,0.0451,0.74,2215.78,1.9,223,9.8,0.0747
1/25/2012,2972,62176,0.0478,0.62,1848.82,1.9,240,7.67,0.081
1/26/2012,2859,61720,0.0463,0.49,1403.43,1.9,198,6.99,0.0695
1/27/2012,2445,34686,0.0705,0.27,661.71,1.9,217,2.93,0.0892
1/28/2012,2458,24073,0.1021,0.18,445.57,1.7,190,2.14,0.0781
1/29/2012,2784,25337,0.1099,0.15,428.22,1.7,235,1.72,0.0848
1/30/2012,2521,32002,0.0788,0.17,419.88,1.8,213,1.9,0.0849
1/31/2012,2503,31203,0.0802,0.16,412.80,1.8,217,1.79,0.0871
2/1/2012,3616,81601,0.0443,0.7,2519.18,2.2,244,10.21,0.0678
2/2/2012,4059,117903,0.0344,0.72,2927.92,2.5,268,10.84,0.0662
2/3/2012,4090,118819,0.0344,0.74,3041.97,2.6,304,9.9,0.0747
2/4/2012,4268,100952,0.0423,0.73,3111.75,2.4,327,9.33,0.0771
2/5/2012,4089,96070,0.0426,0.71,2885.53,2.4,283,10.14,0.0695
2/6/2012,4099,112759,0.0364,0.73,3008.29,2.5,291,10.19,0.0714
2/7/2012,3400,101800,0.0334,0.58,1961.25,2.3,251,7.79,0.0741
2/8/2012,3390,122304,0.0277,0.42,1432.01,2.4,245,5.83,0.0726
2/9/2012,3325,115132,0.0289,0.43,1445.47,2.4,300,4.8,0.0905
2/10/2012,3191,108318,0.0295,0.46,1474.01,2.4,289,5.09,0.0908
2/11/2012,3085,90769,0.034,0.45,1380.28,2.5,276,4.97,0.0899
2/12/2012,3504,101917,0.0344,0.4,1404.02,2.6,366,3.83,0.1048
2/13/2012,3384,103330,0.0327,0.41,1401.98,2.5,307,4.54,0.0912
2/14/2012,2693,67985,0.0396,0.43,1151.33,2.5,246,4.63,0.0921
2/15/2012,3331,79522,0.0419,0.47,1568.04,2.3,293,5.33,0.0884
2/16/2012,3301,85838,0.0385,0.47,1562.50,2.2,290,5.38,0.0882
2/17/2012,3457,77403,0.0447,0.41,1414.37,2.5,328,4.31,0.095
2/18/2012,3598,74174,0.0485,0.39,1410.58,2.4,342,4.12,0.0955
2/19/2012,3784,76038,0.0498,0.37,1387.17,2.5,401,3.46,0.1064
2/20/2012,3935,93159,0.0422,0.43,1672.39,2.3,390,4.28,0.0995
2/21/2012,3406,86358,0.0394,0.44,1504.59,2.1,330,4.55,0.0971
2/22/2012,3172,127872,0.0248,0.42,1329.61,2.1,287,4.62,0.0907
2/23/2012,3204,182279,0.0176,0.44,1407.62,2.2,276,5.09,0.0863
2/24/2012,3165,122738,0.0258,0.45,1437.35,2.5,278,5.17,0.088
2/25/2012,3351,120601,0.0278,0.45,1514.02,2.6,340,4.45,0.1018
2/26/2012,3444,152003,0.0227,0.39,1348.04,2.7,333,4.05,0.0968
2/27/2012,3744,179022,0.0209,0.51,1926.66,2.8,114,16.89,0.0306
2/28/2012,3518,173935,0.0202,0.6,2120.37,2.9,106,19.98,0.0302
2/29/2012,3613,174380,0.0207,0.56,2039.50,2.9,113,18.01,0.0313
3/1/2012,3433,176807,0.0194,0.57,1941.60,2.9,100,19.41,0.0292
3/2/2012,3295,116210,0.0284,0.56,1842.41,2.7,103,17.79,0.0313
3/3/2012,3344,106251,0.0315,0.52,1741.78,2.8,111,15.66,0.0333
3/4/2012,3545,104039,0.0341,0.49,1728.58,2.9,117,14.77,0.0331
3/5/2012,5182,4249043,0.0012,0.81,4211.59,1.5,148,28.45,0.0286
3/6/2012,5088,5188025,0.001,0.86,4371.47,1.5,111,39.33,0.0219
3/7/2012,5054,3840743,0.0013,0.87,4387.19,2.1,117,37.42,0.0232
3/8/2012,4714,1192801,0.004,0.6,2848.42,2.3,87,32.74,0.0185
3/9/2012,3631,159173,0.0228,0.59,2138.94,2.9,130,16.44,0.0359
3/10/2012,3884,168125,0.0231,0.65,2520.13,2.9,122,20.64,0.0315
3/11/2012,3735,152872,0.0244,0.59,2198.94,3,125,17.59,0.0336
3/12/2012,3756,192293,0.0195,0.7,2640.94,2.9,139,18.99,0.0371
3/13/2012,3385,176800,0.0191,0.71,2407.05,3,111,21.62,0.0329
3/14/2012,3428,167534,0.0205,0.7,2405.58,3.1,119,20.21,0.0348
3/15/2012,3321,159088,0.0209,0.67,2225.66,3,109,20.41,0.0329
3/16/2012,3181,156595,0.0203,0.68,2159.04,2.9,91,23.72,0.0287
3/17/2012,3081,145649,0.0212,0.65,1997.84,2.9,87,22.93,0.0283
3/18/2012,3454,155352,0.0222,0.6,2083.01,2.9,111,18.75,0.0322
3/19/2012,3686,190873,0.0193,0.66,2436.93,2.7,127,19.13,0.0345
3/20/2012,3341,284788,0.0117,0.64,2123.88,2.3,120,17.69,0.036
3/21/2012,2919,262007,0.0111,0.64,1855.38,2.6,112,16.55,0.0384
3/22/2012,2804,271990,0.0103,0.67,1881.33,2.6,121,15.54,0.0433
3/23/2012,2586,251630,0.0103,0.69,1785.61,2.7,124,14.38,0.0482
3/24/2012,2506,172645,0.0145,0.69,1725.61,2.8,126,13.69,0.0504
3/25/2012,2715,189842,0.0143,0.59,1598.58,2.8,98,16.31,0.0361
3/26/2012,2863,265517,0.0108,0.57,1631.23,2.9,135,12.08,0.0472
3/27/2012,2588,249931,0.0104,0.55,1416.29,2.8,119,11.9,0.046
3/28/2012,2529,233966,0.0108,0.59,1481.22,2.8,100,14.79,0.0396
3/29/2012,2450,230649,0.0106,0.62,1529.62,2.8,119,12.83,0.0487
3/30/2012,2299,197865,0.0116,0.62,1429.26,2.8,92,15.54,0.04
3/31/2012,2261,162689,0.0139,0.57,1281.64,2.8,105,12.21,0.0465
4/1/2012,2411,207334,0.0116,0.57,1369.24,2.7,115,11.91,0.0477
4/2/2012,2670,257657,0.0104,0.57,1522.25,2.8,111,13.71,0.0416
4/3/2012,2514,246626,0.0102,0.63,1587.45,2.7,105,15.12,0.0418
4/4/2012,2514,205949,0.0122,0.64,1603.78,2.8,115,13.93,0.0458
4/5/2012,2272,168789,0.0135,0.61,1384.56,2.9,108,12.79,0.0476
4/6/2012,2302,137354,0.0168,0.51,1178.14,3.1,117,10.05,0.0509
4/7/2012,2042,108350,0.0188,0.53,1079.43,3.1,76,14.2,0.0373
4/8/2012,2256,110247,0.0205,0.43,978.03,3.1,62,15.77,0.0275
4/9/2012,2679,174097,0.0154,0.46,1221.77,3,104,11.74,0.0389
4/10/2012,2441,169170,0.0144,0.55,1331.25,3,91,14.63,0.0373
4/11/2012,2406,159842,0.0151,0.52,1252.38,3,119,10.51,0.0495
4/12/2012,2424,154785,0.0157,0.53,1288.87,3,46,28.02,0.019
4/13/2012,2386,136976,0.0174,0.47,1116.74,3,79,14.13,0.0331
4/14/2012,2310,108492,0.0213,0.48,1106.56,3.1,92,12.02,0.0399
4/15/2012,2721,120553,0.0226,0.41,1127.32,3,93,12.12,0.0342
4/16/2012,2845,167372,0.017,0.54,1540.06,3,105,14.67,0.0369
4/17/2012,2442,143241,0.017,0.51,1238.95,3.1,74,16.74,0.0303
4/18/2012,2433,151393,0.0161,0.57,1388.90,3,90,15.43,0.037
4/19/2012,2388,141427,0.0169,0.65,1542.64,3.2,87,17.73,0.0364
4/20/2012,2393,136070,0.0176,0.66,1572.59,3.1,95,16.55,0.0397
4/21/2012,2333,111437,0.0209,0.63,1461.14,3.1,84,17.39,0.0361
4/22/2012,2542,136888,0.0186,0.61,1548.72,3.1,96,16.13,0.0378
4/23/2012,2599,169731,0.0153,0.72,1874.49,3.1,110,17.04,0.0423
4/24/2012,2345,152189,0.0154,0.78,1839.13,2.8,93,19.76,0.0397
4/25/2012,2490,477090,0.0052,0.94,2349.41,1.8,87,27,0.035
4/26/2012,2532,479919,0.0053,0.82,2064.06,1.8,85,24.28,0.0336
4/27/2012,2415,567416,0.0043,0.78,1880.18,2,86,21.86,0.0357
4/28/2012,2314,516136,0.0045,0.84,1947.68,1.8,89,21.88,0.0385
4/29/2012,2607,462040,0.0056,0.7,1835.84,1.8,81,22.66,0.0311
4/30/2012,2718,651782,0.0042,0.65,1770.96,2,91,19.46,0.0335
5/1/2012,2562,575607,0.0045,0.59,1513.82,2.1,79,19.16,0.0309
5/2/2012,2490,521067,0.0048,0.6,1492.68,2,96,15.53,0.0386
5/3/2012,2489,579917,0.0043,0.59,1463.18,1.9,92,15.9,0.037
5/4/2012,2298,538781,0.0043,0.53,1224.90,1.9,77,15.86,0.0336
5/5/2012,2177,388966,0.0056,0.56,1229.65,1.8,95,12.94,0.0437
5/6/2012,2513,410549,0.0061,0.56,1404.18,1.8,91,15.43,0.0362
5/7/2012,2837,1135002,0.0025,0.68,1915.49,1.9,105,18.23,0.037
5/8/2012,2729,1212600,0.0023,0.68,1858.78,1.7,87,21.36,0.0319
5/9/2012,2558,1196319,0.0021,0.63,1612.28,1.8,68,23.7,0.0266
5/10/2012,2382,1129609,0.0021,0.64,1535.93,2,80,19.19,0.0336
5/11/2012,2494,1004864,0.0025,0.66,1647.41,2,68,24.22,0.0273
5/12/2012,2476,855148,0.0029,0.57,1408.59,1.8,75,18.78,0.0303
5/13/2012,2350,950034,0.0025,0.63,1475.62,1.7,75,19.67,0.032
5/14/2012,2686,1142533,0.0024,0.66,1785.49,1.9,92,19.4,0.0343
5/15/2012,2869,1214387,0.0024,0.65,1867.13,1.9,98,19.03,0.0342
5/16/2012,2695,1068603,0.0025,0.66,1777.96,1.9,105,16.93,0.039
5/17/2012,2667,1188097,0.0022,0.61,1635.88,1.9,105,15.57,0.0394
5/18/2012,2520,1034639,0.0024,0.58,1457.60,1.9,98,14.87,0.039
5/19/2012,2374,832461,0.0029,0.62,1471.92,1.8,81,18.17,0.0341
5/20/2012,2666,943530,0.0028,0.55,1474.80,1.8,111,13.28,0.0417
5/21/2012,2828,1060458,0.0027,0.57,1606.17,1.9,112,14.34,0.0396
5/22/2012,2657,1057037,0.0025,0.63,1685.05,1.9,113,14.91,0.0426
5/23/2012,2838,1189868,0.0024,0.59,1670.07,1.9,91,18.35,0.0321
5/24/2012,2849,1123271,0.0025,0.62,1758.81,1.9,107,16.43,0.0376
5/25/2012,3504,1021771,0.0034,0.51,1799.41,1.8,89,20.22,0.0254
5/26/2012,2911,829851,0.0035,0.52,1503.63,1.7,79,18.99,0.0272
5/27/2012,4025,969234,0.0042,0.42,1671.47,1.7,102,16.38,0.0254
5/28/2012,3327,925743,0.0036,0.51,1697.17,1.7,102,16.64,0.0307
5/29/2012,2863,984763,0.0029,0.63,1794.35,1.8,105,17.09,0.0367
5/30/2012,2575,925214,0.0028,0.7,1790.86,1.8,73,24.53,0.0284
5/31/2012,2653,1085967,0.0024,0.7,1849.70,1.8,107,17.29,0.0404
6/1/2012,2715,1000124,0.0027,0.62,1695.88,1.7,67,25.29,0.0247
6/2/2012,3396,945433,0.0036,0.5,1682.94,1.7,62,27.14,0.0183
6/3/2012,2809,933351,0.003,0.61,1714.56,1.7,90,19.05,0.0321
6/4/2012,2903,1049855,0.0028,0.59,1717.78,1.7,90,19.08,0.031
6/5/2012,2684,1102465,0.0024,0.59,1591.63,1.8,97,16.41,0.0362
6/6/2012,2889,1039347,0.0028,0.68,1969.43,1.8,64,30.76,0.0222
6/7/2012,2729,1084479,0.0025,0.63,1714.57,1.8,93,18.41,0.0341
6/8/2012,2760,1056153,0.0026,0.57,1567.05,1.8,86,18.22,0.0312
6/9/2012,2484,986950,0.0025,0.73,1802.52,1.8,93,19.38,0.0375
6/10/2012,2874,852449,0.0034,0.59,1706.47,1.9,95,17.96,0.0331
6/11/2012,2980,1071433,0.0028,0.55,1642.50,1.9,97,16.93,0.0326
6/12/2012,2931,1095552,0.0027,0.56,1633.67,1.9,102,16.01,0.0348
6/13/2012,2935,1628335,0.0018,0.61,1777.45,1.9,113,15.73,0.0386
6/14/2012,3121,1966545,0.0016,0.55,1721.93,1.5,124,13.89,0.0397
6/15/2012,3027,2149504,0.0014,0.55,1673.83,1.6,107,15.64,0.0354
6/16/2012,2936,2019127,0.0015,0.55,1612.22,1.7,107,15.06,0.0365
6/17/2012,2742,2107863,0.0013,0.54,1469.47,1.6,98,14.99,0.0358
6/18/2012,3149,2341207,0.0013,0.66,2065.78,1.8,140,14.76,0.0445
6/19/2012,3358,2800211,0.0012,0.64,2153.56,1.9,101,21.32,0.0301
6/20/2012,3207,3259874,0.001,0.68,2191.17,1.8,106,20.67,0.0331
6/21/2012,3184,3034063,0.001,0.65,2067.82,1.7,102,20.27,0.032
6/22/2012,3084,2842346,0.0011,0.64,1960.93,1.8,112,17.51,0.0363
6/23/2012,3099,2712509,0.0011,0.65,2005.44,1.8,108,18.56,0.0349
6/24/2012,3361,2665782,0.0013,0.62,2085.77,1.7,120,17.38,0.0357
6/25/2012,3675,3170592,0.0012,0.62,2271.57,1.7,110,20.65,0.0299
6/26/2012,3368,3111974,0.0011,0.61,2040.28,1.5,113,18.05,0.0336
6/27/2012,780,902609,0.0009,0.6,467.72,1.6,26,17.98,0.0334
7/2/2012,2651,774454,0.0034,0.58,1527.35,1.8,88,17.36,0.0332
7/3/2012,3431,1035116,0.0033,0.87,2984.57,1.8,106,28.14,0.0309
7/4/2012,3161,954074,0.0033,0.93,2929.55,1.8,95,30.8,0.0301
7/5/2012,3633,1175102,0.0031,0.91,3296.95,1.8,102,32.32,0.0281
7/6/2012,3454,1167034,0.003,0.93,3211.83,1.8,107,30.02,0.031
7/7/2012,3314,1195678,0.0028,0.94,3119.96,1.9,98,31.84,0.0296
7/8/2012,3655,1382873,0.0026,0.89,3236.15,1.9,122,26.52,0.0334
7/9/2012,3568,1490489,0.0024,0.95,3398.17,1.9,131,25.94,0.0367
7/10/2012,3092,574255,0.0054,0.89,2759.93,1.9,87,31.71,0.0282
7/11/2012,2962,98270,0.0301,0.84,2500.77,1.7,89,28.1,0.0301
7/12/2012,3186,126231,0.0252,0.83,2633.25,1.5,104,25.3,0.0329
7/13/2012,3173,115721,0.0274,0.8,2534.55,1.7,124,20.43,0.0394
7/14/2012,3178,100538,0.0316,0.76,2423.28,1.7,134,18.06,0.0426
7/15/2012,3445,103647,0.0332,0.73,2527.46,1.7,123,20.53,0.0361
7/16/2012,3514,137238,0.0256,0.8,2804.73,1.8,118,23.75,0.0339
7/17/2012,3152,134489,0.0234,0.81,2561.32,1.8,106,24.15,0.0339
7/18/2012,3245,136266,0.0238,0.81,2625.23,1.8,112,23.42,0.0349
7/19/2012,3242,137577,0.0236,0.79,2560.14,1.7,113,22.64,0.0351
7/20/2012,3119,129615,0.0241,0.73,2267.81,1.7,122,18.57,0.0394
7/21/2012,2897,89268,0.0325,0.75,2179.21,1.7,110,19.79,0.0384
7/22/2012,3158,85677,0.0369,0.67,2102.72,1.6,138,15.23,0.0439
7/23/2012,3261,115371,0.0283,0.74,2422.79,1.7,138,17.55,0.0426
7/24/2012,3133,140113,0.0224,0.74,2311.07,1.7,121,19.09,0.039
7/25/2012,3063,124049,0.0247,0.74,2272.02,1.6,102,22.25,0.0337
7/26/2012,3079,132739,0.0232,0.77,2369.54,1.7,113,20.92,0.037
7/27/2012,2631,46043,0.0571,0.45,1171.04,1.6,105,11.14,0.0404
7/28/2012,2362,13065,0.1808,0.35,824.59,1.3,125,6.55,0.0539
7/29/2012,2592,13638,0.1901,0.28,718.53,1.3,99,7.24,0.0387
7/30/2012,2672,17099,0.1563,0.36,963.36,1.3,127,7.57,0.048
7/31/2012,2537,17321,0.1465,0.34,872.64,1.3,117,7.43,0.0465
8/1/2012,3469,714883,0.0049,0.69,2390.01,1.7,121,19.74,0.0352
8/2/2012,3823,1225668,0.0031,0.81,3085.29,1.8,128,24.08,0.0336
8/3/2012,3782,1144229,0.0033,0.77,2909.03,1.8,123,23.65,0.0327
8/4/2012,3607,1162393,0.0031,0.8,2889.61,1.8,103,28.04,0.0288
8/5/2012,4009,1340080,0.003,0.77,3096.90,1.8,130,23.81,0.0327
8/6/2012,3908,1399618,0.0028,0.8,3118.94,1.7,110,28.34,0.0283
8/7/2012,3718,1376413,0.0027,0.84,3141.42,1.7,96,32.7,0.026
8/8/2012,4628,1449500,0.0032,1.52,7035.24,1.7,80,87.93,0.0174
8/9/2012,4695,1557792,0.003,1.54,7211.45,1.7,69,104.49,0.0148
8/10/2012,5036,1455350,0.0035,1.6,8033.71,1.7,77,104.25,0.0154
8/11/2012,5737,1494307,0.0038,1.54,8855.21,1.7,121,73.17,0.0212
8/12/2012,6246,1603940,0.0039,1.52,9516.36,1.7,129,73.76,0.0207
8/13/2012,3742,528039,0.0071,0.95,3548.89,1.9,138,25.7,0.0371
8/14/2012,3191,507216,0.0063,0.59,1894.66,1.7,118,16.04,0.0372
8/15/2012,3179,564289,0.0056,0.59,1874.90,1.8,112,16.73,0.0355
8/16/2012,3223,486614,0.0066,0.56,1803.92,1.7,143,12.61,0.0447
8/17/2012,2931,379623,0.0077,0.55,1614.35,1.6,110,14.67,0.0379
8/18/2012,2875,313196,0.0092,0.56,1604.38,1.6,110,14.57,0.0387
8/19/2012,3169,341066,0.0093,0.52,1633.10,1.6,136,12,0.0434
8/20/2012,3188,492071,0.0065,0.56,1781.22,1.6,137,12.98,0.0433
8/21/2012,2918,403760,0.0072,0.74,2150.10,1.7,113,19.02,0.0391
8/22/2012,3201,408012,0.0078,0.98,3146.44,1.8,104,30.25,0.0327
8/23/2012,3249,385651,0.0084,1.17,3795.99,1.9,122,31.09,0.0379
8/24/2012,3103,302146,0.0103,1.16,3614.42,1.9,88,41.06,0.0285
8/25/2012,3249,259253,0.0125,1.13,3658.18,1.9,100,36.56,0.031
8/26/2012,3432,297890,0.0115,1.05,3593.35,1.8,107,33.58,0.0314
8/27/2012,3355,284193,0.0118,1.13,3787.56,2,115,32.93,0.0346
8/28/2012,3244,338111,0.0096,1.14,3703.73,2,129,28.7,0.0401
8/29/2012,3258,361867,0.009,1.13,3668.17,2,139,26.38,0.0429
8/30/2012,3338,316424,0.0105,1.1,3661.12,2,125,29.25,0.0378
8/31/2012,3658,299322,0.0122,0.97,3533.06,2,129,27.39,0.0355
9/1/2012,3911,284150,0.0138,0.94,3657.20,1.9,118,30.97,0.0304
9/2/2012,4067,274870,0.0148,0.92,3727.61,1.9,122,30.54,0.0302
9/3/2012,4236,287215,0.0147,0.81,3418.17,1.9,156,21.87,0.0373
9/4/2012,3247,387453,0.0084,0.98,3183.34,2,103,30.9,0.032
9/5/2012,3350,335338,0.01,1,3355.34,2.1,114,29.43,0.0343
9/6/2012,3816,508727,0.0075,1.02,3877.50,2,144,26.9,0.038
9/7/2012,3730,597868,0.0062,1.03,3826.69,2.1,120,31.86,0.0324
9/8/2012,3870,537118,0.0072,0.94,3648.99,1.9,101,36.12,0.0263
9/9/2012,3869,558825,0.0069,0.92,3540.33,1.9,133,26.6,0.0348
9/10/2012,4116,650554,0.0063,1.14,4678.98,2,108,43.21,0.0264
9/11/2012,2497,460676,0.0054,1.16,2899.40,2,83,34.92,0.0334
9/12/2012,3678,615823,0.006,1.24,4571.78,2,104,43.89,0.0285
9/13/2012,3381,625666,0.0054,1.49,5052.39,2,109,46.34,0.0325
9/14/2012,4006,629133,0.0064,1.31,5259.90,2,122,43.06,0.0307
9/15/2012,4052,530011,0.0076,1.4,5664.84,1.8,120,47.2,0.0299
9/16/2012,4555,608084,0.0075,1.39,6344.08,1.8,137,46.28,0.0303
9/17/2012,4243,751944,0.0056,1.41,5997.48,2,118,50.82,0.028
9/18/2012,3763,665604,0.0057,1.41,5313.69,2.1,121,43.84,0.0323
9/19/2012,3592,604220,0.0059,1.3,4652.79,2.1,130,35.79,0.0363
9/20/2012,3592,569515,0.0063,1.24,4447.82,2.1,117,38.01,0.0327
9/21/2012,3616,593356,0.0061,1.27,4584.64,2.1,118,38.84,0.0328
9/22/2012,3766,531356,0.0071,1.13,4251.18,1.9,96,44.25,0.0256
9/23/2012,3997,564110,0.0071,1.08,4323.20,1.9,138,31.33,0.0346
9/24/2012,3847,719909,0.0053,1.17,4499.37,2.1,118,38.13,0.0307
9/25/2012,3571,608869,0.0059,1.14,4063.04,2.1,116,35.01,0.0326
9/26/2012,3382,573597,0.0059,1.14,3839.83,2.1,115,33.39,0.0341
9/27/2012,3408,523461,0.0065,1.18,4034.99,2,113,35.69,0.0333
9/28/2012,3327,468606,0.0071,1.1,3672.90,2.1,110,33.37,0.0332
9/29/2012,3978,438181,0.0091,1.05,4194.24,1.8,120,34.94,0.0303
9/30/2012,3919,429927,0.0091,1.01,3970.32,1.8,125,31.76,0.032
10/1/2012,3873,629066,0.0062,1.03,3972.63,2,106,37.47,0.0274
10/2/2012,3528,615161,0.0057,1.07,3772.87,1.9,116,32.52,0.0329
10/3/2012,3495,640173,0.0055,1.06,3689.56,1.9,100,36.87,0.0287
10/4/2012,3313,514154,0.0064,1.07,3557.02,1.9,100,35.57,0.0303
10/5/2012,3564,477643,0.0075,0.98,3475.09,1.9,89,39.04,0.0251
10/6/2012,3793,433279,0.0088,1.01,3835.50,1.6,118,32.47,0.0313
10/7/2012,4047,460117,0.0088,0.98,3947.49,1.7,145,27.22,0.036
10/8/2012,3744,533072,0.007,1.1,4130.52,1.8,126,32.77,0.0338
10/9/2012,3563,534171,0.0067,1.16,4132.85,1.8,112,36.88,0.0315
10/10/2012,3816,579261,0.0066,1.13,4318.38,1.8,106,40.72,0.0278
10/11/2012,3674,556623,0.0066,1.05,3849.43,1.8,105,36.59,0.0286
10/12/2012,3860,563502,0.0069,0.97,3745.41,1.8,112,33.44,0.0291
10/13/2012,3878,486698,0.008,1.01,3911.50,1.5,114,34.31,0.0295
10/14/2012,4130,432053,0.0096,0.99,4072.50,1.6,138,29.48,0.0335
10/15/2012,4203,637254,0.0066,1.03,4339.85,1.7,125,34.65,0.0298
10/16/2012,3726,486719,0.0077,1.07,4004.97,1.8,133,30.09,0.0358
10/17/2012,3738,477477,0.0078,1.13,4242.44,1.8,121,34.98,0.0325
10/18/2012,3707,463935,0.008,1.09,4034.06,1.9,130,30.92,0.0352
10/19/2012,3597,427611,0.0084,1.04,3751.12,1.9,126,29.76,0.0351
10/20/2012,3570,346279,0.0103,1.07,3827.46,1.7,122,31.29,0.0343
10/21/2012,4076,352429,0.0116,1.02,4150.25,1.7,139,29.76,0.0342
10/22/2012,3862,433829,0.0089,1.11,4286.89,2,142,30.13,0.0368
10/23/2012,3518,426594,0.0082,1.08,3815.83,2,118,32.24,0.0336
10/24/2012,3545,447083,0.0079,1.16,4101.47,2.1,99,41.37,0.028
10/25/2012,3783,442701,0.0085,1.11,4182.33,2,146,28.58,0.0388
10/26/2012,3614,426197,0.0085,1.05,3785.79,1.9,115,32.91,0.0319
10/27/2012,3673,372655,0.0099,1.03,3788.03,1.8,120,31.51,0.0328
10/28/2012,3901,374666,0.0104,1,3907.05,1.8,133,29.36,0.0342
10/29/2012,4240,819712,0.0052,1.04,4423.65,2,129,34.25,0.0305
10/30/2012,3923,798998,0.0049,1.22,4790.39,2,108,44.32,0.0276
10/31/2012,3517,787460,0.0045,1.1,3880.69,2,110,35.22,0.0314
11/1/2012,5039,1432176,0.0035,1.07,5398.75,1.8,121,44.49,0.0241
11/2/2012,4940,1328717,0.0037,1.08,5352.75,2.1,126,42.35,0.0256
11/3/2012,5584,1088374,0.0051,1.05,5861.78,1.8,134,43.67,0.0241
11/4/2012,6242,1167866,0.0053,0.99,6210.24,1.8,178,34.85,0.0286
11/5/2012,5651,1496356,0.0038,0.96,5445.12,2,141,38.53,0.025
11/6/2012,5027,1375981,0.0037,1.04,5236.07,2,116,45.07,0.0232
11/7/2012,5548,1478152,0.0038,1.04,5742.69,2,159,36.06,0.0287
11/8/2012,6198,1144024,0.0054,1.01,6236.10,1.9,135,46.02,0.0219
11/9/2012,5953,1150409,0.0052,0.99,5886.82,1.8,156,37.57,0.0263
11/10/2012,6269,1089102,0.0058,0.93,5818.00,1.7,139,41.72,0.0223
11/11/2012,6795,1075787,0.0063,0.93,6315.73,1.7,194,32.51,0.0287
11/12/2012,6570,1468033,0.0045,1.02,6683.47,1.9,187,35.64,0.0286
11/13/2012,6051,1499984,0.004,1.03,6203.73,1.9,166,37.28,0.0275
11/14/2012,5976,1428438,0.0042,1.01,6020.20,2,149,40.26,0.025
11/15/2012,6857,1152873,0.0059,0.94,6415.73,2,171,37.39,0.0251
11/16/2012,6621,1091412,0.0061,0.91,6002.44,1.9,158,37.89,0.0239
11/17/2012,7146,986448,0.0072,0.87,6189.14,1.7,165,37.46,0.0231
11/18/2012,8360,965162,0.0087,0.9,7487.42,1.7,197,37.98,0.0236
11/19/2012,8678,1119634,0.0078,0.92,7987.93,1.9,191,41.67,0.0221
11/20/2012,8867,1104992,0.008,0.87,7728.26,1.7,206,37.4,0.0233
11/21/2012,9649,990302,0.0097,0.75,7202.49,1.8,184,39.03,0.0191
11/22/2012,13979,956603,0.0146,0.65,9052.03,1.7,209,43.27,0.015
11/23/2012,13783,1013809,0.0136,0.68,9394.36,1.8,341,27.49,0.0248
11/24/2012,9324,1116311,0.0084,0.88,8167.43,1.9,236,34.55,0.0254
11/25/2012,9867,1190504,0.0083,0.91,9017.55,1.9,236,38.15,0.024
11/26/2012,11705,1668247,0.007,0.82,9641.95,2.1,276,34.82,0.0237
11/27/2012,7517,1512756,0.005,0.98,7371.27,2,192,38.27,0.0257
11/28/2012,6855,1443144,0.0048,0.96,6561.18,1.9,193,33.92,0.0282
11/29/2012,5644,1293116,0.0044,0.77,4349.06,2,163,26.62,0.029
11/30/2012,3290,946311,0.0035,0.81,2649.75,2,103,25.56,0.0315
12/3/2012,5618,1298871,0.0043,0.87,4880.49,1.9,140,34.71,0.025
12/4/2012,6008,1354596,0.0044,0.92,5505.58,2,173,31.74,0.0289
12/5/2012,7142,1674722,0.0043,0.98,6966.89,2,161,42.98,0.0226
12/6/2012,7024,1660271,0.0042,1.02,7136.06,1.9,165,43.19,0.0235
12/7/2012,7267,1554392,0.0047,0.91,6580.33,1.9,24,273.12,0.0033
12/8/2012,7701,1248357,0.0062,0.87,6679.32,1.8,6,"1,109.40",0.0008
12/9/2012,7661,1328924,0.0058,0.82,6272.93,1.7,4,"1,564.86",0.0005
12/10/2012,7717,1744949,0.0044,0.83,6406.60,1.9,2,"3,195.52",0.0003
12/11/2012,7269,1816499,0.004,0.79,5718.78,1.9,3,"1,902.99",0.0004
12/12/2012,6432,1355563,0.0047,1,6401.75,1.6,6,"1,062.39",0.0009
12/13/2012,5423,715658,0.0076,1.05,5678.09,1.8,1,"5,666.23",0.0002
12/14/2012,7282,1586212,0.0046,1.09,7910.17,1.6,5,"1,580.33",0.0007
12/15/2012,9022,1530645,0.0059,1.07,9661.71,1.7,4,"2,406.08",0.0004
12/16/2012,9263,1561730,0.0059,1.07,9946.26,1.7,10,993.01,0.0011
12/17/2012,9180,2026549,0.0045,1.14,10438.83,1.8,3,"3,471.44",0.0003
12/18/2012,8191,1820219,0.0045,1.01,8273.93,1.9,4,"2,061.24",0.0005
12/19/2012,7454,1717493,0.0043,0.9,6716.56,1.8,7,958.69,0.0009
12/20/2012,7158,1376225,0.0052,0.85,6082.62,1.7,14,434.17,0.002
12/21/2012,7067,1357165,0.0052,0.89,6307.19,1.7,10,629.33,0.0014
12/22/2012,7446,1205879,0.0062,0.87,6481.04,1.7,81,79.8,0.0109
12/23/2012,7371,1228620,0.006,0.83,6137.61,1.6,152,40.33,0.0207
12/24/2012,6432,1409852,0.0046,0.87,5626.84,1.7,77,72.77,0.012
12/25/2012,6204,1205755,0.0051,1.13,6980.21,1.7,69,101.16,0.0111
12/26/2012,9216,1563475,0.0059,1.2,11043.84,1.8,158,69.81,0.0172
12/27/2012,8460,1524405,0.0055,1.19,10031.93,1.6,172,58.13,0.0204
12/28/2012,8000,1508301,0.0053,1.26,10103.52,1.6,154,65.42,0.0193
12/29/2012,8182,1371586,0.006,1.19,9714.58,1.6,161,60.12,0.0198
12/30/2012,5205,1116685,0.0047,1.16,6054.47,1.6,104,58.12,0.02
1/1/2013,2257,265364,0.0085,0.72,1616.20,1.6,57,28.28,0.0254
1/2/2013,3861,322951,0.012,0.7,2691.20,1.7,143,18.54,0.0373
1/3/2013,3976,339657,0.0117,0.81,3215.66,1.7,132,24.16,0.0334
1/4/2013,3822,299208,0.0128,0.84,3197.42,1.8,134,23.51,0.0353
1/5/2013,3928,284980,0.0138,0.79,3119.28,1.7,130,23.79,0.0333
1/6/2013,4008,275634,0.0145,0.73,2927.94,1.7,154,18.99,0.0385
1/7/2013,3756,330753,0.0114,0.84,3151.81,1.8,136,22.97,0.0363
1/8/2013,3460,307759,0.0112,0.89,3082.53,1.9,126,24.39,0.0365
1/9/2013,3868,355207,0.0109,0.75,2908.00,1.9,151,19.21,0.0391
1/10/2013,3798,385940,0.0098,0.76,2890.26,2,153,18.84,0.0404
1/11/2013,3683,342440,0.0108,0.71,2622.12,1.9,128,20.39,0.0349
1/12/2013,4293,292225,0.0147,0.62,2666.92,1.8,143,18.6,0.0334
1/13/2013,4280,302772,0.0141,0.67,2870.45,1.8,156,18.25,0.0366
1/14/2013,3803,396863,0.0096,0.76,2881.26,2,131,21.87,0.0347
1/15/2013,3940,346197,0.0114,0.74,2928.25,1.9,145,20.04,0.037
1/16/2013,3319,383180,0.0087,0.96,3192.80,2.1,110,28.95,0.0333
1/17/2013,3117,368608,0.0085,0.91,2832.53,2.1,109,25.95,0.0351
1/18/2013,3135,365681,0.0086,0.72,2268.55,2,100,22.68,0.0319
1/19/2013,3762,311404,0.0121,0.53,2011.50,1.9,99,20.31,0.0264
1/20/2013,3585,363981,0.0098,0.51,1845.30,2,109,16.93,0.0304
1/21/2013,3599,425380,0.0085,0.46,1670.19,2.1,94,17.76,0.0261
1/22/2013,2651,242545,0.0109,0.55,1467.95,2.5,92,15.95,0.0347
1/23/2013,2226,129096,0.0172,0.56,1253.07,2.8,100,12.53,0.0451
1/24/2013,2235,94186,0.0237,0.62,1390.28,2.9,98,14.18,0.0439
1/25/2013,2316,103305,0.0224,0.52,1212.77,2.8,86,14.1,0.0372
1/26/2013,2654,130278,0.0204,0.56,1495.06,2.8,90,16.61,0.034
1/27/2013,3044,144710,0.021,0.51,1544.62,2.9,109,14.17,0.0358
1/28/2013,2710,123415,0.022,0.48,1305.52,3,76,17.17,0.0281
1/29/2013,3938,113067,0.0348,0.38,1484.13,2.9,77,19.27,0.0196
1/30/2013,3362,107494,0.0313,0.42,1401.49,3,104,13.44,0.031
1/31/2013,3492,115567,0.0302,0.53,1862.29,2.5,156,11.9,0.045
2/1/2013,4848,301184,0.0161,0.89,4328.79,2.1,112,38.58,0.0232
2/2/2013,5483,322960,0.017,0.94,5149.66,2.2,157,32.76,0.0287
2/3/2013,4784,301121,0.0159,0.95,4558.03,2.2,133,34.22,0.0279
2/4/2013,4930,324479,0.0152,0.97,4791.50,2.4,124,38.54,0.0252
2/5/2013,4990,301699,0.0165,0.94,4668.70,2.3,107,43.56,0.0215
2/6/2013,4514,263566,0.0171,0.84,3789.51,2.4,126,30.05,0.028
2/7/2013,4880,418270,0.0117,0.82,4006.76,2.5,134,29.9,0.0275
2/8/2013,5466,719130,0.0076,0.93,5090.79,2.4,133,38.27,0.0244
2/9/2013,6534,795770,0.0082,0.93,6065.59,2.3,124,48.89,0.019
2/10/2013,6842,881897,0.0078,0.88,6041.81,2.4,161,37.5,0.0236
2/11/2013,5700,816960,0.007,0.87,4969.15,2.4,151,32.83,0.0266
2/12/2013,5424,782871,0.0069,0.88,4761.94,2.4,160,29.69,0.0296
2/13/2013,5326,807969,0.0066,1.06,5642.79,2.4,128,44.05,0.0241
2/14/2013,5162,715620,0.0072,1.06,5458.92,2.4,129,42.29,0.025
2/15/2013,6328,811303,0.0078,1,6309.47,2.4,145,43.48,0.0229
2/16/2013,7188,864522,0.0083,1.01,7275.85,2.4,146,49.8,0.0203
2/17/2013,7176,936880,0.0077,1.03,7416.34,2.3,186,39.85,0.0259
2/18/2013,7035,936588,0.0075,0.9,6363.57,2.4,161,39.47,0.0229
2/19/2013,5555,791887,0.007,0.96,5353.10,2.4,132,40.49,0.0238
2/20/2013,5932,835359,0.0071,0.97,5782.57,2.4,154,37.53,0.026
2/21/2013,3745,303105,0.0124,0.66,2458.78,2.4,137,17.93,0.0366
2/22/2013,2690,52290,0.0514,0.33,899.12,2.4,135,6.63,0.0503
2/23/2013,2813,56394,0.0499,0.37,1049.93,2.2,114,9.19,0.0407
2/24/2013,3081,57154,0.0539,0.33,1012.70,2.2,126,7.98,0.0411
2/25/2013,5771,757241,0.0076,0.94,5417.01,2.3,144,37.54,0.025
2/26/2013,5546,825660,0.0067,1.01,5614.57,2.3,148,37.87,0.0267
2/27/2013,3022,200382,0.0151,0.48,1453.98,2.4,126,11.5,0.0418
2/28/2013,2157,11100,0.1943,0.16,341.85,1.1,86,3.97,0.0399
3/1/2013,4153,422671,0.0098,0.67,2769.18,2.2,94,29.38,0.0227
3/2/2013,5612,640239,0.0088,0.76,4283.35,2.2,144,29.72,0.0257
3/3/2013,6176,772412,0.008,0.87,5369.58,2.2,134,40.05,0.0217
3/4/2013,5713,740501,0.0077,0.94,5346.37,2.3,157,34.03,0.0275
3/5/2013,5497,707437,0.0078,0.92,5075.54,2.3,140,36.22,0.0255
3/6/2013,5589,720458,0.0078,0.95,5288.87,2.3,134,39.45,0.024
3/7/2013,5774,732865,0.0079,0.97,5602.56,2.4,144,38.84,0.025
3/8/2013,5549,715862,0.0078,0.96,5324.41,2.5,123,43.25,0.0222
3/9/2013,6367,736601,0.0086,1,6393.84,2.5,147,43.42,0.0232
3/10/2013,6565,794184,0.0083,0.96,6308.65,2.5,161,39.13,0.0246
3/11/2013,6068,732499,0.0083,0.98,5955.68,2.6,128,46.45,0.0211
3/12/2013,5438,643974,0.0084,0.95,5160.14,2.6,140,36.81,0.0258
3/13/2013,5244,620543,0.0085,0.99,5195.32,2.6,149,34.8,0.0285
3/14/2013,5419,611246,0.0089,0.95,5170.69,2.6,143,36.06,0.0265
3/15/2013,5296,598707,0.0088,0.9,4750.20,2.6,159,29.85,0.0301
3/16/2013,5264,616135,0.0085,0.93,4916.34,2.5,134,36.61,0.0255
3/17/2013,5635,696499,0.0081,0.93,5229.59,2.5,143,36.56,0.0254
3/18/2013,5611,677463,0.0083,0.95,5312.97,2.5,162,32.73,0.0289
3/19/2013,5092,602263,0.0085,0.95,4838.60,2.5,156,31,0.0307
3/20/2013,4949,552599,0.009,0.92,4553.94,2.7,145,31.37,0.0293
3/21/2013,4631,484537,0.0096,0.94,4343.89,2.8,155,28.02,0.0335
3/22/2013,4517,484714,0.0093,0.92,4176.20,2.8,149,28.01,0.033
3/23/2013,5272,527548,0.01,0.95,5000.53,2.7,150,33.27,0.0285
3/24/2013,6544,680674,0.0096,0.98,6411.81,2.5,153,41.86,0.0234
3/25/2013,3805,226313,0.0168,0.62,2372.57,2.7,139,17.03,0.0366
3/26/2013,2301,29602,0.0777,0.31,711.69,2.1,111,6.41,0.0484
3/27/2013,2384,29255,0.0815,0.31,731.98,2.1,119,6.15,0.0501
3/28/2013,2337,29367,0.0796,0.31,733.14,2.1,114,6.4,0.049
3/29/2013,2295,30149,0.0761,0.31,712.39,2.1,124,5.72,0.0542
3/30/2013,2057,28281,0.0727,0.32,668.19,2.2,105,6.36,0.0512
3/31/2013,1883,24022,0.0784,0.31,588.45,2.2,79,7.44,0.042
4/1/2013,2973,69388,0.0428,0.38,1131.28,2.7,138,8.19,0.0465
4/2/2013,3711,294609,0.0126,0.75,2781.62,2.6,121,22.95,0.0327
4/3/2013,4478,380953,0.0118,0.87,3878.92,2.6,164,23.65,0.0366
4/4/2013,4245,415146,0.0102,0.87,3699.36,2.6,151,24.47,0.0356
4/5/2013,4054,387420,0.0105,0.84,3417.52,2.7,127,26.89,0.0314
4/6/2013,4170,383640,0.0109,0.88,3680.37,2.6,147,25.02,0.0353
4/7/2013,4308,408411,0.0105,0.86,3721.97,2.6,114,32.63,0.0265
4/8/2013,5240,562909,0.0093,0.97,5066.43,2.6,137,36.98,0.0262
4/9/2013,4926,557582,0.0088,1.01,4974.27,2.6,123,40.43,0.025
4/10/2013,5050,560005,0.009,0.96,4872.30,2.6,188,25.91,0.0373
4/11/2013,4894,536719,0.0091,0.97,4747.94,2.6,152,31.22,0.0311
4/12/2013,4486,484596,0.0093,0.95,4255.23,2.6,140,30.39,0.0312
4/13/2013,4543,469966,0.0097,0.93,4247.03,2.6,123,34.51,0.0271
4/14/2013,4851,521274,0.0093,0.98,4730.60,2.6,125,37.83,0.0258
4/15/2013,4988,524842,0.0095,1,4966.20,2.6,152,32.65,0.0305
4/16/2013,4646,482512,0.0096,0.98,4575.42,2.7,133,34.38,0.0287
4/17/2013,2396,468837,0.0051,1.64,3923.22,2.7,45,87.18,0.0188
4/18/2013,3035,529955,0.0057,1.58,4807.03,2.6,45,106.81,0.0148
4/19/2013,2588,489262,0.0053,1.62,4198.66,2.6,43,97.64,0.0166
4/20/2013,2906,517330,0.0056,1.58,4592.33,2.6,41,112,0.0141
4/21/2013,3177,589109,0.0054,1.55,4917.38,2.5,40,122.93,0.0126
4/22/2013,3094,574069,0.0054,1.64,5060.10,2.7,40,126.5,0.0129
4/23/2013,2991,554776,0.0054,1.64,4914.23,2.7,49,100.28,0.0164
4/24/2013,4647,563636,0.0082,1.07,4960.14,2.7,116,42.73,0.025
4/25/2013,4194,523594,0.008,1.04,4370.10,2.6,95,45.98,0.0227
4/26/2013,4724,528487,0.0089,0.98,4632.60,2.7,121,38.28,0.0256
4/27/2013,5128,543589,0.0094,1.03,5293.23,2.7,121,43.74,0.0236
4/28/2013,5537,604722,0.0092,0.96,5334.13,2.6,140,38.08,0.0253
4/29/2013,5345,604201,0.0088,1.02,5430.60,2.6,126,43.09,0.0236
4/30/2013,5160,555197,0.0093,1.01,5223.60,2.7,126,41.44,0.0245
5/1/2013,5395,558606,0.0097,0.98,5298.09,2.7,130,40.75,0.0241
5/2/2013,5572,593821,0.0094,1.02,5679.89,2.7,142,39.97,0.0255
5/3/2013,5126,602978,0.0085,1.02,5215.11,2.6,131,39.78,0.0256
5/4/2013,4954,569448,0.0087,1.05,5183.08,2.6,111,46.69,0.0224
5/5/2013,5135,616969,0.0083,1.03,5297.06,2.7,139,38.1,0.0271
5/6/2013,5391,700622,0.0077,1.04,5632.65,2.6,134,42.01,0.0249
5/7/2013,4221,420476,0.01,0.99,4158.30,2.9,111,37.45,0.0263
5/8/2013,4333,362970,0.0119,0.87,3767.39,3,146,25.8,0.0337
5/9/2013,4045,352166,0.0115,0.88,3540.11,3,106,33.4,0.0262
5/10/2013,3810,333109,0.0114,0.92,3512.24,3.2,112,31.36,0.0294
5/11/2013,3738,340503,0.011,0.96,3597.35,3.1,122,29.48,0.0327
5/12/2013,3405,333618,0.0102,0.98,3347.25,3.1,91,36.75,0.0267
5/13/2013,4470,567345,0.0079,1.04,4660.21,3,124,37.54,0.0278
5/14/2013,4456,580701,0.0077,1.03,4598.89,3,123,37.36,0.0276
5/15/2013,4867,567587,0.0086,0.92,4473.55,3.1,163,27.44,0.0335
5/16/2013,4558,558283,0.0082,0.96,4367.32,3.1,122,35.78,0.0268
5/17/2013,4365,528868,0.0083,0.88,3821.36,3.1,161,23.73,0.0369
5/18/2013,4457,533337,0.0084,0.96,4261.57,3.1,134,31.76,0.0302
5/19/2013,4775,625275,0.0076,0.94,4477.01,3.1,134,33.38,0.0281
5/20/2013,4651,600774,0.0077,0.95,4396.69,3.1,134,32.81,0.0288
5/21/2013,4450,590283,0.0075,0.93,4153.68,3.1,154,26.93,0.0347
5/22/2013,4814,569642,0.0085,0.95,4556.42,3.2,169,26.95,0.0351
5/23/2013,4903,586414,0.0084,0.91,4439.25,3.2,170,26.11,0.0347
5/24/2013,5078,589243,0.0086,0.88,4465.69,3.3,164,27.2,0.0323
5/25/2013,5605,628881,0.0089,0.91,5106.60,3.2,183,27.9,0.0327
5/26/2013,5309,661330,0.008,0.91,4806.47,3.1,145,33.15,0.0273
5/27/2013,5923,731718,0.0081,0.89,5290.47,3.1,154,34.33,0.0261
5/28/2013,4177,601660,0.0069,0.9,3779.91,3.1,126,29.98,0.0302
5/29/2013,3372,535428,0.0063,0.9,3036.46,3.2,130,23.34,0.0386
5/30/2013,3508,507112,0.0069,0.92,3229.65,3.2,141,22.9,0.0403
5/31/2013,3705,466265,0.0079,0.78,2880.32,3.2,83,34.7,0.0224
6/1/2013,3798,478179,0.0079,0.79,3016.73,3.2,22,137.04,0.0058
6/2/2013,3962,552210,0.0072,0.82,3260.76,3.1,154,21.17,0.0389
6/3/2013,4168,541438,0.0077,0.79,3289.07,3.1,113,29.1,0.0272
6/4/2013,3929,502460,0.0078,0.79,3089.86,3.1,144,21.45,0.0367
6/5/2013,3993,515156,0.0078,0.83,3297.12,3,153,21.54,0.0384
6/6/2013,4004,508146,0.0079,0.86,3425.35,3,148,23.13,0.0371
6/7/2013,4080,518512,0.0079,0.87,3566.23,3,133,26.79,0.0327
6/8/2013,4443,550258,0.0081,0.92,4075.32,2.9,139,29.29,0.0313
6/9/2013,4873,641441,0.0076,0.99,4801.37,2.8,136,35.3,0.0279
6/10/2013,5072,696125,0.0073,0.97,4899.41,2.7,151,32.44,0.0298
6/11/2013,4707,627818,0.0075,0.99,4657.19,2.8,155,30.03,0.033
6/12/2013,4649,602137,0.0077,1.01,4697.52,2.8,143,32.84,0.0308
6/13/2013,4779,596761,0.008,1.03,4927.44,2.8,149,32.99,0.0312
6/14/2013,4824,580056,0.0083,0.92,4420.30,2.8,32,138.08,0.0066
6/15/2013,4749,553916,0.0086,0.97,4629.13,2.8,82,56.42,0.0173
6/16/2013,4348,558472,0.0078,0.99,4294.63,2.7,151,28.41,0.0348
6/17/2013,5009,636149,0.0079,1.01,5035.62,2.8,158,31.83,0.0316
6/18/2013,4516,580428,0.0078,1.07,4853.01,2.8,160,30.32,0.0355
6/19/2013,4776,596091,0.008,0.99,4739.05,2.8,166,28.54,0.0348
6/20/2013,4635,603460,0.0077,1.01,4692.37,2.8,136,34.5,0.0294
6/21/2013,4580,566232,0.0081,1.05,4796.66,2.8,158,30.33,0.0346
6/22/2013,4731,588023,0.008,1.03,4883.37,2.8,163,29.94,0.0345
6/23/2013,4885,652551,0.0075,1.05,5116.85,2.8,155,32.96,0.0318
6/24/2013,5169,695847,0.0074,1.05,5402.84,2.7,214,25.24,0.0415
6/25/2013,4898,600528,0.0082,0.99,4829.65,2.8,220,21.94,0.045
6/26/2013,4730,557092,0.0085,0.94,4451.93,2.8,203,21.91,0.0431
6/27/2013,4786,551889,0.0087,0.92,4389.31,2.8,196,22.38,0.0411
6/28/2013,4700,568014,0.0083,0.9,4223.61,2.8,169,24.96,0.036
6/29/2013,4703,573362,0.0082,0.96,4523.50,2.7,186,24.28,0.0397
6/30/2013,5408,647016,0.0084,1.02,5508.81,2.8,172,32.01,0.0319
7/1/2013,5702,721027,0.0079,1.09,6203.88,2.8,165,37.53,0.029
7/2/2013,5687,708864,0.008,1.1,6262.17,2.8,183,34.08,0.0323
7/3/2013,5909,688616,0.0086,0.99,5856.58,2.8,172,34,0.0292
7/4/2013,5980,660554,0.0091,1.06,6313.34,2.7,143,44.09,0.024
7/5/2013,5686,706170,0.0081,1,5676.03,2.9,185,30.65,0.0327
7/6/2013,5267,674824,0.0078,1.1,5779.43,2.9,160,36.06,0.0305
7/7/2013,4784,740346,0.0065,0.96,4600.63,2.9,170,27.05,0.0356
7/8/2013,4628,741147,0.0062,0.94,4347.46,2.8,150,28.96,0.0325
7/9/2013,4361,685651,0.0064,1.03,4509.27,2.9,145,31.08,0.0333
7/10/2013,4444,651221,0.0068,0.95,4236.00,2.9,171,24.76,0.0386
7/11/2013,4533,655841,0.0069,0.95,4320.15,2.9,165,26.16,0.0365
7/12/2013,4828,708211,0.0068,1.06,5103.15,2.8,170,29.99,0.0354
7/13/2013,5285,734660,0.0072,1.21,6390.80,2.8,184,34.71,0.0349
7/14/2013,5151,781485,0.0066,1.16,5991.03,2.9,156,38.38,0.0304
7/15/2013,5510,823209,0.0067,1.17,6444.50,2.9,167,38.56,0.0304
7/16/2013,5259,739891,0.0071,1.29,6762.93,2.8,166,40.67,0.0317
7/17/2013,4940,718636,0.0069,1.35,6650.09,2.8,171,38.87,0.0347
7/18/2013,4918,704366,0.007,1.29,6354.77,2.8,148,42.82,0.0302
7/19/2013,4839,676651,0.0072,1.3,6313.72,2.8,145,43.49,0.03
7/20/2013,5308,751289,0.0071,1.38,7306.81,2.7,174,41.96,0.0329
7/21/2013,5417,849730,0.0064,1.43,7736.65,2.7,141,54.84,0.0261
7/22/2013,5837,836588,0.007,1.32,7724.00,2.7,144,53.55,0.0248
7/23/2013,5026,774647,0.0065,1.33,6704.24,2.7,159,42.1,0.0318
7/24/2013,4309,689227,0.0063,1.16,5009.08,2.9,149,33.54,0.0347
7/25/2013,4746,712019,0.0067,1.27,6019.60,2.7,154,39.04,0.0326
7/26/2013,5803,956369,0.0061,1.87,10866.06,2.4,164,66.18,0.0283
7/27/2013,6675,1056213,0.0063,2.26,15067.51,2.2,184,81.66,0.0276
7/28/2013,6528,1103166,0.0059,2.23,14525.51,2.3,170,85.18,0.0261
7/29/2013,3341,216660,0.0154,1,3324.48,2.3,114,29.07,0.0343
7/30/2013,2094,10097,0.2074,0.14,286.19,1.1,105,2.7,0.0505
7/31/2013,2220,10715,0.2072,0.13,290.42,1.1,120,2.4,0.0544
8/1/2013,4511,630564,0.0072,1.68,7559.83,2.5,144,52.28,0.032
8/2/2013,5028,823982,0.0061,1.87,9413.13,2.5,145,64.55,0.0289
8/3/2013,5164,834555,0.0062,1.87,9659.31,2.6,159,60.19,0.0309
8/4/2013,5238,840673,0.0062,1.67,8736.09,2.6,177,49.18,0.0339
8/5/2013,4690,766638,0.0061,1.6,7502.68,2.7,149,50.03,0.032
8/6/2013,3803,550770,0.0069,1.17,4442.84,2.9,148,29.94,0.0391
8/7/2013,3772,532289,0.0071,1.17,4431.72,2.9,157,28.05,0.0418
8/8/2013,3798,483455,0.0079,1.08,4089.49,2.9,146,27.83,0.0387
8/9/2013,3712,473623,0.0078,1.03,3828.22,3,147,25.38,0.0399
8/10/2013,4129,545946,0.0076,1.23,5058.17,3,166,30.23,0.0405
8/11/2013,4120,567647,0.0073,1.25,5150.58,3.1,180,28.5,0.0441
8/12/2013,3932,489386,0.008,1.12,4417.72,3.1,152,28.87,0.0389
8/13/2013,3516,456540,0.0077,1.2,4221.77,3,144,28.85,0.0412
8/14/2013,3838,453030,0.0085,1.11,4267.91,3,166,25.62,0.0436
8/15/2013,4298,478297,0.009,1.07,4617.10,3,215,21.34,0.0502
8/16/2013,4613,544898,0.0085,1.26,5830.13,2.9,174,33.4,0.0378
8/17/2013,4961,612438,0.0081,1.49,7413.84,2.8,160,46.23,0.0324
8/18/2013,5248,676347,0.0078,1.52,7983.33,2.8,155,51.37,0.0296
8/19/2013,5054,612319,0.0083,1.38,6962.63,2.9,154,45.15,0.0306
8/20/2013,4546,566027,0.008,1.5,6831.26,2.9,147,46.29,0.0325
8/21/2013,4586,584161,0.0079,1.51,6937.96,2.9,171,40.48,0.0375
8/22/2013,4658,578351,0.0081,1.47,6833.71,2.9,175,38.83,0.0377
8/23/2013,4764,571804,0.0083,1.45,6920.18,2.9,162,42.61,0.0341
8/24/2013,5744,730500,0.0079,1.73,9922.04,2.8,177,56.01,0.0309
8/25/2013,5887,792629,0.0074,1.7,10002.51,2.8,166,60.08,0.0283
8/26/2013,5402,687184,0.0079,1.52,8232.21,2.9,139,59.14,0.0258
8/27/2013,1684,229122,0.0073,1.5,2521.88,3.1,39,64.63,0.0232
Total,4487937,485148096,0.0093,0.7,3155471.80,2.4,135285,23.28,0.0302
