"","date","visits","bounces","pageviews","avgTimeOnSite","goal2completions"
"1",2009-03-17,15,2,406,1362.66666666667,0
"2",2009-03-18,69,21,935,859.463768115942,0
"3",2009-03-19,94,15,1462,1042.86170212766,0
"4",2009-03-20,105,20,979,568.228571428571,0
"5",2009-03-21,72,25,365,175.694444444444,0
"6",2009-03-22,69,22,555,240.217391304348,0
"7",2009-03-23,68,18,504,306.205882352941,0
"8",2009-03-24,154,22,1363,259.045454545455,0
"9",2009-03-25,132,21,1531,369.454545454545,0
"10",2009-03-26,178,27,1768,397.5,0
"11",2009-03-27,173,38,1597,378.179190751445,0
"12",2009-03-28,221,82,1681,273.072398190045,0
"13",2009-03-29,237,34,1879,306.282700421941,0
"14",2009-03-30,266,65,2049,328.075187969925,0
"15",2009-03-31,212,39,1497,299.995283018868,0
"16",2009-04-01,244,53,2000,347.852459016393,0
"17",2009-04-02,223,67,1622,237.125560538117,0
"18",2009-04-03,274,98,1725,195.288321167883,0
"19",2009-04-04,340,148,1715,156.473529411765,0
"20",2009-04-05,380,141,2039,206.005263157895,0
"21",2009-04-06,247,57,1919,286.421052631579,0
"22",2009-04-07,219,49,1654,280.287671232877,0
"23",2009-04-08,194,41,1348,267.505154639175,0
"24",2009-04-09,233,62,1574,188.167381974249,0
"25",2009-04-10,326,80,2526,262.776073619632,3
"26",2009-04-11,364,84,3043,279.615384615385,0
"27",2009-04-12,398,103,2654,196.741206030151,0
"28",2009-04-13,511,123,4057,277.986301369863,0
"29",2009-04-14,583,180,4153,250.948542024014,0
"30",2009-04-15,467,124,3413,246.201284796574,2
"31",2009-04-16,486,154,3601,227.98353909465,3
"32",2009-04-17,483,129,3961,322.002070393375,4
"33",2009-04-18,483,126,3773,274,2
"34",2009-04-19,168,93,478,213.654761904762,0
"35",2009-04-20,137,84,325,200.430656934307,0
"36",2009-04-21,334,121,2231,247.715568862275,2
"37",2009-04-22,495,161,3423,242.331313131313,3
"38",2009-04-23,499,170,3481,220.448897795591,2
"39",2009-04-24,483,150,3643,247.91718426501,5
"40",2009-04-25,460,150,3486,277.55652173913,4
"41",2009-04-26,587,185,4729,284.134582623509,6
"42",2009-04-27,479,141,4659,328.060542797495,7
"43",2009-04-28,548,155,4549,300.538321167883,5
"44",2009-04-29,543,175,3902,256.186003683241,3
"45",2009-04-30,521,159,3907,249.426103646833,4
"46",2009-05-01,538,188,4199,249.799256505576,3
"47",2009-05-02,584,188,4520,261.458904109589,4
"48",2009-05-03,645,159,5428,261.866666666667,8
"49",2009-05-04,653,201,5394,287.592649310873,4
"50",2009-05-05,563,141,5071,354.815275310835,5
"51",2009-05-06,8661,1296,81451,347.53504214294,212
"52",2009-05-07,10701,1567,100029,350.662648350621,233
"53",2009-05-08,10476,1546,98349,348.760500190913,226
"54",2009-05-09,9172,1307,88585,354.406454426515,215
"55",2009-05-10,8652,1105,83628,347.027161349977,222
"56",2009-05-11,11593,1657,106565,336.305184162857,259
"57",2009-05-12,10515,1493,95119,340.739800285307,255
"58",2009-05-13,10321,1501,93858,335.810483480283,248
"59",2009-05-14,9916,1471,87169,321.263513513513,231
"60",2009-05-15,9501,1451,82142,316.02652352384,197
"61",2009-05-16,8938,1265,81649,339.156746475722,173
"62",2009-05-17,9432,1146,88053,333.375530110263,226
"63",2009-05-18,11241,1607,97513,325.565252201761,253
"64",2009-05-19,10274,1407,88041,317.440821491143,268
"65",2009-05-20,10134,1392,88502,324.883560292086,230
"66",2009-05-21,10832,1530,94909,334.03452732644,246
"67",2009-05-22,11359,1541,100740,322.214719605599,210
"68",2009-05-23,11185,1429,106264,355.921859633438,203
"69",2009-05-24,11613,1188,111777,367.487126496168,228
"70",2009-05-25,12574,1605,116944,351.985923333864,254
"71",2009-05-26,11065,1552,95784,320.35707184817,256
"72",2009-05-27,10160,1484,89577,339.673818897638,227
"73",2009-05-28,10535,1737,86788,306.440151874703,264
"74",2009-05-29,9153,1614,71766,288.691139517098,183
"75",2009-05-30,7800,1253,66541,304.991282051282,164
"76",2009-05-31,8508,1106,74559,314.251645510108,197
"77",2009-06-01,10087,1510,82987,296.809953405373,210
"78",2009-06-02,9695,1526,80813,296.127900979887,212
"79",2009-06-03,9752,1458,83832,307.30363002461,240
"80",2009-06-04,9481,1483,77736,299.939141440776,202
"81",2009-06-05,8966,1396,74034,294.881998661611,179
"82",2009-06-06,7833,1148,68211,318.109791906039,173
"83",2009-06-07,8426,1060,76050,313.127462615713,202
"84",2009-06-08,10533,1517,90215,303.539447450869,245
"85",2009-06-09,9769,1432,82366,305.312109734876,237
"86",2009-06-10,9520,1473,77419,302.149054621849,202
"87",2009-06-11,9993,1531,84294,289.973381366957,209
"88",2009-06-12,10757,1473,94477,308.450125499675,198
"89",2009-06-13,9973,1173,95637,336.184899227915,180
"90",2009-06-14,10540,1104,100108,341.970493358634,222
"91",2009-06-15,14007,1809,128355,325.708859855786,304
"92",2009-06-16,13604,1580,132764,351.771096736254,276
"93",2009-06-17,13223,1594,127726,338.596309460788,268
"94",2009-06-18,13420,1694,130576,342.61780923994,284
"95",2009-06-19,12953,1547,125114,351.993823824597,187
"96",2009-06-20,11475,1316,113798,348.861525054466,202
"97",2009-06-21,11622,1174,112246,345.356220960248,232
"98",2009-06-22,14043,1730,129902,334.190913622445,250
"99",2009-06-23,12676,1567,118676,344.683575260334,263
"100",2009-06-24,13891,2984,117269,301.228565258081,257
"101",2009-06-25,11536,1578,103626,328.762049237171,203
"102",2009-06-26,11029,1424,96101,314.073805422069,222
"103",2009-06-27,10691,1450,98404,341.899261060705,213
"104",2009-06-28,11490,1293,107946,341.126457789382,214
"105",2009-06-29,12976,1659,115114,323.225878545006,267
"106",2009-06-30,22083,8771,130325,224.452293619526,222
"107",2009-07-01,14800,3096,114621,287.817027027027,266
"108",2009-07-02,14552,3127,112052,281.263949972512,206
"109",2009-07-03,12671,2003,108875,324.79559624339,217
"110",2009-07-04,12709,2954,103327,304.699268235109,147
"111",2009-07-05,11941,1580,109086,339.093375764174,224
"112",2009-07-06,13901,2107,122330,328.374217682181,272
"113",2009-07-07,11205,1800,98296,324.866666666667,224
"114",2009-07-08,14849,4155,109108,273.141491009496,241
"115",2009-07-09,11938,1842,104707,326.003601943374,210
"116",2009-07-10,11333,1785,101079,332.778081708286,222
"117",2009-07-11,9992,1399,92296,336.821557245797,166
"118",2009-07-12,10724,1265,99350,341.967269675494,201
"119",2009-07-13,12599,1804,109827,331.468846733868,244
"120",2009-07-14,11398,1735,101424,336.087383751535,264
"121",2009-07-15,11794,1823,103706,323.081906053926,237
"122",2009-07-16,11234,1674,97133,319.926562221827,224
"123",2009-07-17,10567,1583,91678,326.927983344374,192
"124",2009-07-18,9414,1380,86621,344.381240705332,188
"125",2009-07-19,10591,1282,98241,335.709092625814,234
"126",2009-07-20,12775,1931,109040,316.316242661448,285
"127",2009-07-21,11538,1780,100268,325.850407349627,234
"128",2009-07-22,11199,1764,100113,327.368782927047,226
"129",2009-07-23,11209,1729,103450,343.541172272281,208
"130",2009-07-24,11193,1726,101297,345.545519521129,211
"131",2009-07-25,10893,1653,103494,356.794087946388,198
"132",2009-07-26,10411,1476,93050,329.998463163961,223
"133",2009-07-27,11909,2002,99431,312.413972625745,282
"134",2009-07-28,10849,1812,92525,325.248041294128,210
"135",2009-07-29,10587,1839,88293,322.276093321999,197
"136",2009-07-30,10215,1820,82923,300.172883015174,174
"137",2009-07-31,10243,1793,85123,314.871033876794,182
"138",2009-08-01,9348,1418,82047,328.107402652974,175
"139",2009-08-02,10020,1256,89762,327.309281437126,190
"140",2009-08-03,11697,1853,99450,311.833718047363,242
"141",2009-08-04,11113,1875,91976,324.48753711869,251
"142",2009-08-05,10557,1893,88535,305.86227147864,228
"143",2009-08-06,10149,1602,86162,320.023844713765,216
"144",2009-08-07,10264,1592,87568,326.779130943102,174
"145",2009-08-08,10059,1514,90748,337.844616761109,215
"146",2009-08-09,10406,1383,92238,338.943301941188,250
"147",2009-08-10,11968,1910,102499,335.267379679144,278
"148",2009-08-11,10773,1767,90843,322.741019214703,232
"149",2009-08-12,10798,1763,90475,318.64447119837,205
"150",2009-08-13,11115,1913,93625,315.567161493477,224
"151",2009-08-14,10715,1812,88929,308.528324778348,190
"152",2009-08-15,9682,1364,86276,338.936066928321,192
"153",2009-08-16,10231,1274,92581,337.425471605904,210
"154",2009-08-17,11859,1786,101131,315.986255164854,278
"155",2009-08-18,10910,1627,95803,336.208524289643,225
"156",2009-08-19,10740,1617,91845,325.720204841713,219
"157",2009-08-20,12814,2964,98381,286.399953176214,225
"158",2009-08-21,10528,1789,88847,319.8476443769,193
"159",2009-08-22,9637,1374,86247,347.447338383314,183
"160",2009-08-23,10244,1343,94237,346.390179617337,229
"161",2009-08-24,11872,1791,101450,322.206030997305,226
"162",2009-08-25,10827,1762,94557,321.515747667867,235
"163",2009-08-26,10561,1676,93083,328.352618123284,233
"164",2009-08-27,10544,1806,90039,323.059939301973,193
"165",2009-08-28,10344,1742,84838,306.049013921114,192
"166",2009-08-29,9902,1466,86399,330.195213088265,204
"167",2009-08-30,10828,1435,98620,335.942002216476,235
"168",2009-08-31,11750,1884,97783,304.050638297872,236
"169",2009-09-01,10675,1779,88547,309.773676814988,211
"170",2009-09-02,10507,1663,90429,340.720186542305,214
"171",2009-09-03,10735,1721,88762,309.405216581276,204
"172",2009-09-04,11118,1754,92824,313.426335671883,210
"173",2009-09-05,11069,1521,99499,336.082753636281,198
"174",2009-09-06,12154,1390,111005,350.126295869673,251
"175",2009-09-07,13470,1860,121781,350.954491462509,289
"176",2009-09-08,11375,1840,94219,308.387340659341,235
"177",2009-09-09,10573,1712,89747,332.115482833633,234
"178",2009-09-10,10309,1672,88177,330.579590648948,213
"179",2009-09-11,10759,1756,90568,329.859466493168,218
"180",2009-09-12,10660,1471,98397,354.265947467167,233
"181",2009-09-13,10673,1295,96153,332.837908741685,237
"182",2009-09-14,11744,1761,98688,322.130619891008,256
"183",2009-09-15,11091,1757,93470,321.288702551618,218
"184",2009-09-16,10572,1752,87983,304.618047673099,227
"185",2009-09-17,10652,1881,90417,318.533327074728,210
"186",2009-09-18,10144,1749,84494,302.832117507886,191
"187",2009-09-19,8998,1376,78817,326.425205601245,184
"188",2009-09-20,9775,1301,84181,317.494731457801,223
"189",2009-09-21,11293,1713,95664,323.278225449393,246
"190",2009-09-22,10571,1690,89633,319.802005486709,227
"191",2009-09-23,9876,1593,84693,324.681146213042,222
"192",2009-09-24,10175,1689,88210,331.998918918919,173
"193",2009-09-25,10084,1508,87949,323.718365727886,175
"194",2009-09-26,10731,1879,92542,312.123380859193,208
"195",2009-09-27,10936,1492,97241,320.219458668617,243
"196",2009-09-28,11336,1741,96895,324.114590684545,244
"197",2009-09-29,10085,1532,86496,321.082796232028,189
"198",2009-09-30,9834,1637,82412,309.012100874517,175
"199",2009-10-01,10984,2438,85909,288.509741442098,186
"200",2009-10-02,9683,1701,79381,304.111845502427,150
"201",2009-10-03,9160,1341,80943,324.422379912664,171
"202",2009-10-04,10636,1235,93333,314.937852576156,228
"203",2009-10-05,11388,1617,98304,325.119775201967,263
"204",2009-10-06,9050,1410,78183,325.094033149171,183
"205",2009-10-07,10044,1589,85623,313.900139386699,209
"206",2009-10-08,10365,1865,87771,318.211287988423,177
"207",2009-10-09,10223,1680,85395,311.358994424337,166
"208",2009-10-10,9535,1383,83175,331.780597797588,215
"209",2009-10-11,10504,1404,92731,329.299600152323,238
"210",2009-10-12,11844,1960,97192,303.513255656873,249
"211",2009-10-13,10417,1706,86312,303.012575597581,206
"212",2009-10-14,9885,1707,83460,319.755993930197,186
"213",2009-10-15,10208,1741,85428,310.581014890282,199
"214",2009-10-16,9615,1642,79925,300.490171606864,175
"215",2009-10-17,8270,1264,70457,309.287908101572,154
"216",2009-10-18,9418,1265,83887,320.492461244426,190
"217",2009-10-19,11596,1972,97991,312.832355984822,222
"218",2009-10-20,11181,1947,92255,314.634648063679,214
"219",2009-10-21,11095,1848,96694,331.50085624155,203
"220",2009-10-22,10904,1787,94642,324.925898752751,208
"221",2009-10-23,10272,1757,87146,318.292640186916,182
"222",2009-10-24,8838,1426,77650,320.43131930301,156
"223",2009-10-25,9834,1433,85714,319.726967663209,209
"224",2009-10-26,11789,1828,102932,320.696411909407,234
"225",2009-10-27,10531,1784,89357,301.373278890894,192
"226",2009-10-28,10170,1679,86013,305.245427728614,220
"227",2009-10-29,15122,3740,96058,222.804787726491,184
"228",2009-10-30,10732,1914,85579,293.5012113306,161
"229",2009-10-31,8351,1332,70804,318.253023589989,141
"230",2009-11-01,10516,1425,89038,301.324553062001,189
"231",2009-11-02,11940,1925,96100,294.395142378559,222
"232",2009-11-03,12503,2654,95191,289.562984883628,208
"233",2009-11-04,12636,2381,101674,301.77405824628,232
"234",2009-11-05,11127,1901,90178,299.582097600431,208
"235",2009-11-06,10600,1711,85844,290.646603773585,192
"236",2009-11-07,10124,1614,85990,310.63285262742,197
"237",2009-11-08,11623,1416,98025,307.542717026585,232
"238",2009-11-09,13183,2023,108142,299.47561253129,303
"239",2009-11-10,12144,1931,101522,315.632658102767,271
"240",2009-11-11,12516,1849,108070,328.861537232343,306
"241",2009-11-12,12037,1822,103860,323.801279388552,259
"242",2009-11-13,12941,2072,107379,308.179584267058,229
"243",2009-11-14,10911,1612,95139,326.599303455229,205
"244",2009-11-15,12841,1563,111683,321.496223035589,271
"245",2009-11-16,15104,2174,126684,312.67578125,339
"246",2009-11-17,14462,2730,118497,306.967224450283,321
"247",2009-11-18,13560,1948,114324,319.992625368732,248
"248",2009-11-19,13588,2058,98105,295.294083014424,271
"249",2009-11-20,14599,2360,100510,273.986163435852,225
"250",2009-11-21,14410,2161,100998,280.782373351839,254
"251",2009-11-22,15819,2365,106234,260.983058347557,289
"252",2009-11-23,19626,2974,126405,249.097116070519,345
"253",2009-11-24,20449,3212,125737,240.815345493667,245
"254",2009-11-25,24019,3506,144818,230.244639660269,283
"255",2009-11-26,33558,3507,177971,220.606204183801,462
"256",2009-11-27,36045,4336,219144,241.255680399501,507
"257",2009-11-28,19408,2680,128735,263.074453833471,307
"258",2009-11-29,19857,2643,139753,267.387520773531,332
"259",2009-11-30,27423,3190,195882,264.643620318711,463
"260",2009-12-01,17411,2570,123739,279.055022686807,385
"261",2009-12-02,15869,2315,122828,316.317348289117,389
"262",2009-12-03,15561,2379,119189,299.388214125056,304
"263",2009-12-04,14940,2515,112273,293.862583668005,182
"264",2009-12-05,14870,2341,121596,310.610827168796,246
"265",2009-12-06,16779,2372,140018,301.531676500387,313
"266",2009-12-07,19019,2973,157561,302.442504863557,405
"267",2009-12-08,16948,2731,138737,297.215777672882,351
"268",2009-12-09,16654,2692,124141,297.429626516152,365
"269",2009-12-10,16672,2655,123937,307.381118042226,313
"270",2009-12-11,17260,2839,125175,297.197566628042,312
"271",2009-12-12,15381,2356,115747,305.867108770561,284
"272",2009-12-13,16380,2452,114813,274.36514041514,338
"273",2009-12-14,18950,3141,132027,284.40580474934,447
"274",2009-12-15,18422,2956,129189,281.166160026056,393
"275",2009-12-16,17458,2848,119669,277.615248023829,346
"276",2009-12-17,18372,2880,128244,280.231656869149,365
"277",2009-12-18,16975,2721,116165,269.197820324006,348
"278",2009-12-19,14739,2402,101941,274.898975507158,278
"279",2009-12-20,16374,2372,109242,269.787162574814,288
"280",2009-12-21,19287,3063,130492,268.948981179033,351
"281",2009-12-22,17799,2962,120275,268.872015281757,311
"282",2009-12-23,17908,3209,118433,255.322425731517,325
"283",2009-12-24,12079,2407,77391,245.862323039987,181
"284",2009-12-25,10140,1799,67396,239.603648915187,94
"285",2009-12-26,16882,2682,116058,259.120897997868,186
"286",2009-12-27,14888,2512,98867,250.561458893068,206
"287",2009-12-28,16625,2923,111703,253.133954887218,257
"288",2009-12-29,15135,2773,103811,268.890122233234,237
"289",2009-12-30,14047,2642,95274,258.649462518687,196
"290",2009-12-31,11475,2467,75648,253.419782135076,117
"291",2010-01-01,12413,2378,85448,266.687666156449,159
"292",2010-01-02,13380,2615,93651,273.818161434978,164
"293",2010-01-03,12912,2216,89414,261.019826517968,180
"294",2010-01-04,13215,2661,85227,243.174347332577,190
"295",2010-01-05,12234,2472,82909,262.506866110839,156
"296",2010-01-06,11928,2483,79509,266.727531857814,156
"297",2010-01-07,11908,2484,78916,264.211790393013,158
"298",2010-01-08,15199,3022,103503,260.778472267912,233
"299",2010-01-09,12673,2413,88158,273.032825692417,186
"300",2010-01-10,13651,2247,97471,278.629038165702,199
"301",2010-01-11,13544,2670,92130,264.793930891908,187
"302",2010-01-12,11977,2542,78167,252.934457710612,158
"303",2010-01-13,11784,2474,76853,250.440427698574,167
"304",2010-01-14,17069,3922,105940,245.080672564298,224
"305",2010-01-15,14471,2790,96073,255.030336535139,194
"306",2010-01-16,13493,2429,96274,285.799451567479,222
"307",2010-01-17,13424,2314,93545,272.620232419547,200
"308",2010-01-18,14821,2915,102628,272.601983671817,231
"309",2010-01-19,12997,2640,87805,269.394167884896,195
"310",2010-01-20,13474,2696,93566,275.54824105685,162
"311",2010-01-21,13090,2653,90792,272.076241405653,147
"312",2010-01-22,16588,3561,108820,252.690438871473,212
"313",2010-01-23,13119,2523,92959,280.899535025535,189
"314",2010-01-24,13926,2395,95016,269.702642539135,207
"315",2010-01-25,14423,2860,98105,265.693129030022,235
"316",2010-01-26,13046,2620,90424,275.754867392304,218
"317",2010-01-27,12861,2550,89967,277.83663789752,183
"318",2010-01-28,16926,3600,113206,266.577632045374,205
"319",2010-01-29,14278,2629,99938,280.900056030256,186
"320",2010-01-30,14487,2488,104736,285.964934078829,213
"321",2010-01-31,16095,2507,117810,288.157502329916,237
"322",2010-02-01,16006,2760,113696,280.193927277271,256
"323",2010-02-02,14396,2581,100974,281.338774659628,211
"324",2010-02-03,15082,2565,109356,284.434491446758,229
"325",2010-02-04,19255,3811,134313,264.574915606336,220
"326",2010-02-05,18002,3007,128260,274.518220197756,178
"327",2010-02-06,14766,2288,110902,289.25104970879,205
"328",2010-02-07,14144,2230,98264,260.543481334842,191
"329",2010-02-08,15656,2706,109333,271.486714358712,215
"330",2010-02-09,13989,2591,98780,271.184430624062,202
"331",2010-02-10,13907,2440,99904,281.387071259078,199
"332",2010-02-11,14148,2471,103018,283.9740599378,200
"333",2010-02-12,15091,2470,107321,276.99059041813,179
"334",2010-02-13,16436,2854,116868,279.597712338769,218
"335",2010-02-14,15168,2235,104913,270.877175632911,238
"336",2010-02-15,16756,2827,118545,271.169849606111,216
"337",2010-02-16,13450,2496,94558,276.306319702602,214
"338",2010-02-17,13088,2373,93097,272.966228606357,197
"339",2010-02-18,13154,2373,93283,273.020145963205,202
"340",2010-02-19,17160,3048,119817,269.975699300699,266
"341",2010-02-20,13749,2349,100228,284.896574296312,192
"342",2010-02-21,15151,2406,109947,279.675136954656,228
"343",2010-02-22,15763,2789,113602,278.479984774472,257
"344",2010-02-23,14225,2495,102181,287.077891036907,232
"345",2010-02-24,13162,2483,92869,267.187357544446,221
"346",2010-02-25,12980,2469,90276,271.730431432974,191
"347",2010-02-26,13443,2451,94791,272.315777728186,180
"348",2010-02-27,14121,2619,98488,263.54295021599,199
"349",2010-02-28,14088,2417,94437,254.023282226008,181
"350",2010-03-01,15315,2958,104207,266.347306562194,211
"351",2010-03-02,13032,2528,91531,276.451657458564,218
"352",2010-03-03,12498,2468,87912,280.617138742199,205
"353",2010-03-04,15753,3443,105107,259.297276709198,252
"354",2010-03-05,13102,2612,89914,266.728056785224,217
"355",2010-03-06,11793,2223,84631,279.147545153905,163
"356",2010-03-07,13553,2325,94512,270.930568877739,185
"357",2010-03-08,14245,2726,99620,270.2702000702,212
"358",2010-03-09,12083,2467,81929,260.965405942233,182
"359",2010-03-10,11787,2365,80756,256.833206074489,201
"360",2010-03-11,13129,2744,88924,267.2080127961,215
"361",2010-03-12,11639,2407,78765,265.374860383194,159
"362",2010-03-13,11050,2126,76974,275.183981900452,168
"363",2010-03-14,11250,2036,76148,263.643377777778,169
"364",2010-03-15,13013,2457,89090,276.155997848306,239
"365",2010-03-16,12160,2250,88108,282.51875,205
"366",2010-03-17,11427,2283,79544,273.34891047519,207
"367",2010-03-18,11544,2295,81843,283.606895356895,198
"368",2010-03-19,11562,2213,81304,281.616934786369,196
"369",2010-03-20,11992,2163,91004,304.897348232155,173
"370",2010-03-21,12880,2185,89067,268.1625,201
"371",2010-03-22,14081,2780,97340,275.808181237128,246
"372",2010-03-23,11938,2360,82916,284.19869324845,171
"373",2010-03-24,12055,2454,84914,283.833098299461,203
"374",2010-03-25,12426,2519,85535,280.315065185901,197
"375",2010-03-26,11571,2338,80289,278.403422348976,172
"376",2010-03-27,10248,2015,73059,282.577868852459,146
"377",2010-03-28,11385,1959,80239,278.991040843215,165
"378",2010-03-29,13680,2842,94145,274.985233918129,247
"379",2010-03-30,11374,2359,77710,270.828204677334,212
"380",2010-03-31,11396,2393,78038,267.91497016497,197
"381",2010-04-01,11002,2201,75928,278.996000727141,195
"382",2010-04-02,11554,2309,81032,274.335122035659,179
"383",2010-04-03,9966,2044,70817,275.166666666667,156
"384",2010-04-04,9674,1744,67245,266.790779408724,131
"385",2010-04-05,15748,3041,109152,280.910655321311,308
"386",2010-04-06,15398,3546,102426,272.773217300948,238
"387",2010-04-07,14709,3069,99248,277.740499014209,210
"388",2010-04-08,12915,2918,87613,268.82408052652,203
"389",2010-04-09,11990,2491,82070,275.651959966639,158
"390",2010-04-10,11023,2365,79186,276.125374217545,165
"391",2010-04-11,12041,2346,81299,262.847271821277,190
"392",2010-04-12,13272,2694,90618,270.094559975889,238
"393",2010-04-13,11581,2503,77367,279.547189361886,202
"394",2010-04-14,11819,2439,82243,281.966325408241,176
"395",2010-04-15,14216,2849,94663,274.161578503095,207
"396",2010-04-16,14437,2771,98463,283.39724319457,200
"397",2010-04-17,12110,2202,85947,292.093228736581,177
"398",2010-04-18,13401,2034,99950,311.056115215282,233
"399",2010-04-19,13535,2457,95083,287.874990764684,207
"400",2010-04-20,11807,2292,83605,304.840010163462,201
"401",2010-04-21,10366,1882,76888,291.597048041675,191
"402",2010-04-22,9867,1576,74161,306.209587513935,184
"403",2010-04-23,10125,1612,75570,303.550814814815,181
"404",2010-04-24,8507,1232,66237,308.284118960856,149
"405",2010-04-25,9080,1147,70853,302.24922907489,182
"406",2010-04-26,11008,1726,81630,302.838117732558,201
"407",2010-04-27,9811,1518,73692,297.774131077362,210
"408",2010-04-28,9524,1590,71035,315.344813103738,169
"409",2010-04-29,10596,1766,78245,304.423933559834,219
"410",2010-04-30,9865,1588,73794,298.098023314749,179
"411",2010-05-01,8987,1449,67833,306.638255257594,146
"412",2010-05-02,10384,1630,79323,311.35188751926,159
"413",2010-05-03,12743,2368,89936,283.647021894373,214
"414",2010-05-04,11496,2269,80974,294.154488517745,179
"415",2010-05-05,11052,2261,76933,285.942725298588,189
"416",2010-05-06,12956,2602,91090,290.69350108058,204
"417",2010-05-07,11645,2319,81999,289.825418634607,190
"418",2010-05-08,9656,1846,70378,308.262323943662,165
"419",2010-05-09,9948,1842,69891,279.680237233615,149
"420",2010-05-10,12167,2281,86517,291.144489192077,224
"421",2010-05-11,11257,2157,81331,301.119570045305,231
"422",2010-05-12,11609,2246,85089,294.950641743475,200
"423",2010-05-13,11582,2154,82902,303.353220514592,198
"424",2010-05-14,12825,2661,88497,290.477660818713,190
"425",2010-05-15,12100,2158,91667,326.222396694215,217
"426",2010-05-16,12069,2059,89457,304.859474687215,221
"427",2010-05-17,13615,2583,95591,291.893499816379,243
"428",2010-05-18,12170,2399,87203,302.276253081348,212
"429",2010-05-19,11977,2321,87854,310.139517408366,227
"430",2010-05-20,11583,2317,83316,300.858758525425,211
"431",2010-05-21,13841,3009,93333,287.579871396575,231
"432",2010-05-22,10660,2162,77461,305.213039399625,206
"433",2010-05-23,12007,2155,86824,298.797701340884,202
"434",2010-05-24,13720,2569,97618,304.264504373178,297
"435",2010-05-25,12302,2306,89636,291.115590960819,228
"436",2010-05-26,13189,2556,92776,303.268632951702,236
"437",2010-05-27,13986,2604,100377,300.424996424996,235
"438",2010-05-28,19987,4721,131034,280.205583629359,309
"439",2010-05-29,14067,2526,102434,290.02232174593,178
"440",2010-05-30,14533,2353,107228,302.414504919838,247
"441",2010-05-31,17281,3302,125590,304.664313407789,267
"442",2010-06-01,13332,2624,92078,277.26702670267,259
"443",2010-06-02,12422,2565,87914,287.229834165191,216
"444",2010-06-03,12460,2539,89253,296.688121990369,207
"445",2010-06-04,11622,2323,83131,284.808810875925,190
"446",2010-06-05,10440,2023,77781,315.038888888889,180
"447",2010-06-06,11577,2121,82889,288.524660965708,198
"448",2010-06-07,13025,2529,94388,289.394856046065,229
"449",2010-06-08,11938,2382,86014,298.651616686212,203
"450",2010-06-09,12039,2434,87316,294.734695572722,230
"451",2010-06-10,12189,2551,86076,297.809172204447,215
"452",2010-06-11,11401,2340,79639,281.571967371283,206
"453",2010-06-12,11104,2235,81525,294.692543227666,180
"454",2010-06-13,12022,2063,87607,295.157045416736,207
"455",2010-06-14,13778,2582,100555,297.363550587894,247
"456",2010-06-15,12749,2502,92359,288.22895913405,194
"457",2010-06-16,12695,2436,91923,293.96518314297,204
"458",2010-06-17,13792,2944,96963,286.688950116009,216
"459",2010-06-18,12249,2349,87750,290.557923095763,173
"460",2010-06-19,10798,1990,79687,292.440637155029,168
"461",2010-06-20,11154,1924,81750,285.980276134122,141
"462",2010-06-21,13179,2375,98233,295.590333105698,186
"463",2010-06-22,12470,2428,90356,288.324939855654,221
"464",2010-06-23,11849,2374,87419,295.776690016035,204
"465",2010-06-24,13629,2824,99221,295.220705847824,204
"466",2010-06-25,12594,2515,91921,291.153406383992,199
"467",2010-06-26,10488,1935,82281,318.926392067124,166
"468",2010-06-27,12050,2123,90732,306.23244813278,201
"469",2010-06-28,17209,3855,117127,277.74792259864,252
"470",2010-06-29,14724,3218,103778,299.227112197772,218
"471",2010-06-30,15610,3162,110874,297.099039077514,253
"472",2010-07-01,16060,3045,117896,305.793586550436,256
"473",2010-07-02,21156,3969,149745,292.990451881263,346
"474",2010-07-03,14450,2601,109583,315.787750865052,245
"475",2010-07-04,11429,1878,83614,293.225829031411,192
"476",2010-07-05,15700,2746,121027,324.147006369427,279
"477",2010-07-06,14602,3107,103314,296.134981509382,266
"478",2010-07-07,26095,7184,158574,253.53711438973,297
"479",2010-07-08,16064,3535,109915,277.087151394422,243
"480",2010-07-09,14079,2959,100628,297.546700759997,206
"481",2010-07-10,11985,2392,89613,309.004922820192,174
"482",2010-07-11,12482,2349,92902,304.611600705015,193
"483",2010-07-12,14037,2737,103372,309.594927691102,240
"484",2010-07-13,13454,2847,94583,299.645384272335,242
"485",2010-07-14,13247,2903,92697,287.161621499207,232
"486",2010-07-15,14904,3317,104396,288.088969404187,252
"487",2010-07-16,12663,2689,90621,298.885335228619,219
"488",2010-07-17,11208,2211,85464,315.368486795146,191
"489",2010-07-18,12741,2344,94049,307.122439368966,214
"490",2010-07-19,14185,2913,101561,305.40563976031,264
"491",2010-07-20,12941,2610,92521,306.689050305231,244
"492",2010-07-21,14563,3136,105784,308.017510128408,284
"493",2010-07-22,13013,2747,94737,302.742641973411,221
"494",2010-07-23,12859,2862,91131,307.924333151878,228
"495",2010-07-24,11014,2156,82595,314.168422008353,180
"496",2010-07-25,12131,2226,86561,303.967850960349,216
"497",2010-07-26,13240,2530,95880,309.998489425982,237
"498",2010-07-27,12263,2365,91042,321.54456495148,214
"499",2010-07-28,13903,3216,98239,305.640077681076,276
"500",2010-07-29,12236,2445,92607,324.221559333115,223
"501",2010-07-30,11704,2344,86627,301.736927546138,211
"502",2010-07-31,10689,1928,83892,326.332865562728,182
"503",2010-08-01,12125,2033,92563,318.929402061856,195
"504",2010-08-02,12197,2239,91584,323.441256046569,246
"505",2010-08-03,12393,2349,90476,319.358912289196,230
"506",2010-08-04,14482,3090,101349,298.236983842011,244
"507",2010-08-05,12758,2523,90425,301.777943251293,242
"508",2010-08-06,11818,2236,86096,317.239126755796,183
"509",2010-08-07,10904,1909,83873,328.332905355833,236
"510",2010-08-08,12021,2087,90601,315.819399384411,231
"511",2010-08-09,13269,2477,98570,321.515713316753,262
"512",2010-08-10,11957,2198,89921,337.427699255666,225
"513",2010-08-11,13508,2744,97861,329.688406870003,269
"514",2010-08-12,9149,1781,68567,334.930374904361,206
"515",2010-08-13,11438,2144,85419,328.400681937402,182
"516",2010-08-14,11230,2069,84284,331.211932324132,214
"517",2010-08-15,12256,1966,93613,338.406331592689,257
"518",2010-08-16,12913,2338,94265,327.719817238442,268
"519",2010-08-17,11891,2207,87704,335.67874863342,255
"520",2010-08-18,12999,2635,95735,326.283483344873,292
"521",2010-08-19,11771,2317,85319,317.695098122504,256
"522",2010-08-20,11733,2420,82993,307.649109349697,213
"523",2010-08-21,10863,2221,78602,309.097026604069,187
"524",2010-08-22,12063,2276,88384,316.959960208903,226
"525",2010-08-23,12411,2530,87309,314.883248730964,250
"526",2010-08-24,11539,2457,81269,323.855446745819,198
"527",2010-08-25,12739,2815,90244,325.333307166968,275
"528",2010-08-26,11721,2540,82342,314.833887893524,240
"529",2010-08-27,11048,2315,79940,315.072501810282,177
"530",2010-08-28,10331,2042,77707,344.995450585616,207
"531",2010-08-29,12122,2253,90084,332.740059396139,264
"532",2010-08-30,12853,2606,93709,335.570294872792,262
"533",2010-08-31,11786,2394,85021,320.83446461904,264
"534",2010-09-01,14343,3282,98365,307.637732691905,253
"535",2010-09-02,12221,2617,87514,328.904835938139,238
"536",2010-09-03,17666,3698,110492,277.03464281671,254
"537",2010-09-04,12247,2439,86221,310.082632481424,188
"538",2010-09-05,13300,2334,94541,322.638195488722,242
"539",2010-09-06,14705,2764,109196,322.882692961578,249
"540",2010-09-07,11980,2486,84117,320.237228714524,233
"541",2010-09-08,12356,2852,84522,304.657575267077,266
"542",2010-09-09,10700,2275,74648,302.870934579439,230
"543",2010-09-10,10561,2273,73584,302.983524287473,188
"544",2010-09-11,9618,1890,70599,334.089311707216,167
"545",2010-09-12,10797,1913,78574,323.768083726961,207
"546",2010-09-13,11205,2185,78081,308.098259705489,243
"547",2010-09-14,10406,2094,72468,307.732173745916,234
"548",2010-09-15,12098,2789,80201,287.840634815672,212
"549",2010-09-16,10980,2413,75530,304.949362477231,189
"550",2010-09-17,10116,2194,70249,298.454033214709,168
"551",2010-09-18,9375,1865,69640,328.953173333333,176
"552",2010-09-19,10704,1971,75110,308.291760089686,206
"553",2010-09-20,11809,2523,83770,313.708612075536,253
"554",2010-09-21,10425,2177,73863,315.358561151079,224
"555",2010-09-22,11904,2846,80494,308.355426747312,221
"556",2010-09-23,10168,2055,73133,326.816483084186,190
"557",2010-09-24,9859,1913,70943,316.580890556852,190
"558",2010-09-25,9130,1642,70801,335.678970427163,160
"559",2010-09-26,9595,1627,72061,326.671599791558,166
"560",2010-09-27,10435,2085,76488,327.081073310973,209
"561",2010-09-28,10212,2125,73763,324.876126126126,220
"562",2010-09-29,9144,1763,69331,325.068678915136,147
"563",2010-09-30,9053,1808,67572,338.044957472661,173
"564",2010-10-01,8878,1783,64335,324.870353683262,159
"565",2010-10-02,7701,1495,58657,327.293078820932,153
"566",2010-10-03,9105,1539,68536,323.790225151016,187
"567",2010-10-04,9991,1824,76511,325.331598438595,211
"568",2010-10-05,9078,1757,68177,315.687376074025,156
"569",2010-10-06,11071,2589,80671,325.142082919339,229
"570",2010-10-07,11479,2991,78961,293.893283387055,203
"571",2010-10-08,12368,3730,81006,275.301342173351,169
"572",2010-10-09,8699,1756,66121,319.676054718933,153
"573",2010-10-10,9611,1623,76401,340.501196545625,198
"574",2010-10-11,10837,2151,82134,322.660238073268,201
"575",2010-10-12,9239,1829,70444,337.573222210196,201
"576",2010-10-13,10380,2074,78816,336.854816955684,212
"577",2010-10-14,9838,1903,76180,327.310835535678,190
"578",2010-10-15,9820,1935,72335,321.676476578411,152
"579",2010-10-16,8272,1523,65190,349.750967117988,164
"580",2010-10-17,9820,1530,77732,339.934012219959,189
"581",2010-10-18,12340,2472,89944,310.33152350081,253
"582",2010-10-19,9661,1781,72556,326.928475313115,192
"583",2010-10-20,9599,1799,74682,336.597458068549,176
"584",2010-10-21,9255,1665,72860,347.103079416532,185
"585",2010-10-22,9536,1778,70322,330.976719798658,157
"586",2010-10-23,8642,1538,69675,348.058435547327,152
"587",2010-10-24,10298,1553,83681,353.271800349582,218
"588",2010-10-25,10834,1871,83462,334.545597194019,236
"589",2010-10-26,9678,1695,75072,334.302128538954,205
"590",2010-10-27,11963,2760,87186,331.08551366714,272
"591",2010-10-28,9702,1818,76666,341.00628736343,190
"592",2010-10-29,12098,4649,70101,254.940072739296,145
"593",2010-10-30,18721,6657,110059,253.581112120079,231
"594",2010-10-31,12824,3565,85851,298.41570492826,191
"595",2010-11-01,13004,2991,92099,305.221854813903,230
"596",2010-11-02,11279,2196,87168,335.771610958418,237
"597",2010-11-03,14194,3014,108253,332.165069747781,273
"598",2010-11-04,12227,2266,94651,329.634579209945,243
"599",2010-11-05,11175,1984,88101,348.1974049217,173
"600",2010-11-06,10192,1860,81701,341.399038461538,193
"601",2010-11-07,12295,1876,94565,331.797641317609,252
"602",2010-11-08,13125,2403,97060,327.975619047619,246
"603",2010-11-09,14531,3254,101816,304.96373270938,299
"604",2010-11-10,12656,2313,96025,348.401390644753,261
"605",2010-11-11,13702,2402,103653,330.08064516129,254
"606",2010-11-12,14445,2582,106675,323.927656628591,291
"607",2010-11-13,14931,3214,108744,314.092358180966,284
"608",2010-11-14,16786,3173,125849,329.763076373168,278
"609",2010-11-15,17703,3264,128347,322.6860419138,323
"610",2010-11-16,14687,2609,110993,340.572751412814,300
"611",2010-11-17,18567,3654,137108,327.646146388754,425
"612",2010-11-18,16547,2846,125864,340.320058016559,332
"613",2010-11-19,15756,2575,118165,354.067720233562,291
"614",2010-11-20,14659,2215,112634,350.033699433795,274
"615",2010-11-21,18654,2744,136140,325.903988420714,360
"616",2010-11-22,23523,3664,166454,315.583173914892,404
"617",2010-11-23,28021,5660,182697,279.580029263766,459
"618",2010-11-24,29537,5724,184027,268.869824288181,344
"619",2010-11-25,53151,8076,359587,357.015239600384,698
"620",2010-11-26,55261,8062,401214,337.789363203706,842
"621",2010-11-27,24825,3983,191542,323.90638469285,414
"622",2010-11-28,24831,3952,179678,291.631468728605,400
"623",2010-11-29,38325,6023,287240,306.33296803653,541
"624",2010-11-30,19536,3620,146712,305.129146191646,336
"625",2010-12-01,17703,3349,135288,309.676439021635,300
"626",2010-12-02,17091,3283,129236,296.202153180036,291
"627",2010-12-03,16269,3008,121849,305.182125514783,288
"628",2010-12-04,14797,2677,114177,313.545042914104,232
"629",2010-12-05,17356,2836,129792,300.997752938465,332
"630",2010-12-06,17921,3196,138925,310.200156241281,357
"631",2010-12-07,16563,3126,129803,317.131014912757,339
"632",2010-12-08,22680,5050,160146,301.92671957672,443
"633",2010-12-09,17314,3292,128411,321.051634515421,377
"634",2010-12-10,16386,3046,119077,318.005431465886,312
"635",2010-12-11,15227,2778,114581,324.606028764694,277
"636",2010-12-12,18126,3018,135428,334.408198168377,323
"637",2010-12-13,18871,3148,146191,337.034709342377,297
"638",2010-12-14,24284,5417,169311,324.674682918794,344
"639",2010-12-15,26416,5993,181180,322.426748940036,522
"640",2010-12-16,21446,3895,160100,339.600764711368,420
"641",2010-12-17,33010,5609,241210,335.238927597698,481
"642",2010-12-18,21667,3857,163150,332.540453223797,346
"643",2010-12-19,21423,3649,156837,321.353778649115,390
"644",2010-12-20,26825,4792,189739,309.553103448276,543
"645",2010-12-21,21746,3982,158364,329.18614917686,413
"646",2010-12-22,23898,4834,168111,321.909490333919,487
"647",2010-12-23,19900,3707,143199,322.739798994975,341
"648",2010-12-24,13793,3219,92880,289.984702385268,200
"649",2010-12-25,12317,2686,85892,290.431517414955,112
"650",2010-12-26,20238,3388,144346,308.141219488092,235
"651",2010-12-27,20915,4051,152799,322.34860148219,329
"652",2010-12-28,19332,4024,140443,324.516863231947,296
"653",2010-12-29,16267,3194,122298,333.911354275527,259
"654",2010-12-30,15050,2978,111090,315.436146179402,195
"655",2010-12-31,12081,2576,88293,321.558894131281,151
"656",2011-01-01,13185,2575,98614,332.995676905574,150
"657",2011-01-02,15217,2709,115138,337.431688243412,213
"658",2011-01-03,18441,4155,128894,293.088335773548,290
"659",2011-01-04,14719,3146,108805,317.700455193967,233
"660",2011-01-05,13556,2864,99053,318.768442018294,218
"661",2011-01-06,12589,2539,93613,322.127651123997,195
"662",2011-01-07,12593,2616,93369,324.893829905503,183
"663",2011-01-08,11997,2325,94041,351.963990997749,174
"664",2011-01-09,19705,4526,139218,319.348287236742,316
"665",2011-01-10,16045,3378,119261,314.567653474603,280
"666",2011-01-11,13412,2750,104176,338.016328660901,208
"667",2011-01-12,14005,2810,103373,332.839628704034,202
"668",2011-01-13,14951,3228,110724,329.274764229817,197
"669",2011-01-14,14588,2948,109366,341.701535508637,215
"670",2011-01-15,14186,2590,111059,352.292612434795,185
"671",2011-01-16,16106,2703,122336,337.308580653173,213
"672",2011-01-17,15284,2888,115717,337.978343365611,230
"673",2011-01-18,13468,2684,98725,322.701588951589,202
"674",2011-01-19,15775,3623,111963,314.534643423138,213
"675",2011-01-20,14097,2802,107228,343.453287933603,198
"676",2011-01-21,14010,2845,103989,323.881513204854,199
"677",2011-01-22,13152,2463,100618,341.039993917275,157
"678",2011-01-23,15891,2662,125615,350.716191554968,231
"679",2011-01-24,15770,2902,128357,362.475776791376,229
"680",2011-01-25,16012,3755,119825,325.049088183862,227
"681",2011-01-26,20846,5216,152326,318.933752278615,285
"682",2011-01-27,16795,3323,129107,337.879785650491,237
"683",2011-01-28,17478,3597,134153,330.016020139604,187
"684",2011-01-29,15525,3000,121724,344.39806763285,208
"685",2011-01-30,18441,3153,142365,341.583699365544,239
"686",2011-01-31,18991,3787,142495,326.682059923121,243
"687",2011-02-01,15980,2969,124785,351.476282853567,237
"688",2011-02-02,16560,2955,136050,370.903562801932,239
"689",2011-02-03,17288,2985,141809,378.457542804257,243
"690",2011-02-04,20391,3523,170837,381.941739002501,235
"691",2011-02-05,17422,3001,139136,373.167546779933,209
"692",2011-02-06,20115,3914,150772,349.400646283868,248
"693",2011-02-07,18836,3440,151371,348.593385007433,248
"694",2011-02-08,14775,2851,114646,368.01489001692,107
"695",2011-02-09,17550,3078,141783,396.774017094017,258
"696",2011-02-10,16663,3016,139099,359.94772850027,285
"697",2011-02-11,16459,2804,136580,361.654839297649,252
"698",2011-02-12,15562,2706,129203,354.088998843336,260
"699",2011-02-13,17191,3001,134920,349.231225641324,249
"700",2011-02-14,15841,3204,123253,319.005239568209,261
"701",2011-02-15,19818,4414,146515,314.701332122313,479
"702",2011-02-16,17633,3597,136502,323.859468042874,399
"703",2011-02-17,16602,3040,131895,340.283158655584,327
"704",2011-02-18,16961,3012,132400,330.696715995519,308
"705",2011-02-19,15837,2748,127646,339.751910083981,253
"706",2011-02-20,18235,3005,143566,331.454784754593,316
"707",2011-02-21,19251,3390,151593,329.426419406784,354
"708",2011-02-22,17929,3779,136000,318.601762507669,375
"709",2011-02-23,15974,3029,125249,328.356829848504,350
"710",2011-02-24,14796,2806,118404,339.436198972695,297
"711",2011-02-25,14893,2646,120551,332.061841133418,243
"712",2011-02-26,14127,2512,117041,343.632335244567,204
"713",2011-02-27,18956,3648,143185,315.079130618274,389
"714",2011-02-28,17365,3454,130687,320.03409156349,350
"715",2011-03-01,13764,2638,104083,318.504867770997,302
"716",2011-03-02,14228,2813,109972,316.179575484959,256
"717",2011-03-03,14168,2774,108976,323.521174477696,270
"718",2011-03-04,14713,2872,109772,307.164004621763,237
"719",2011-03-05,14765,2932,111725,316.781781239418,226
"720",2011-03-06,15214,2916,106932,290.064742999869,260
"721",2011-03-07,16310,3298,115989,298.207296137339,312
"722",2011-03-08,14709,3099,107333,310.069685226732,281
"723",2011-03-09,13713,2883,101514,307.012761613068,275
"724",2011-03-10,12986,2626,93779,302.116972123826,247
"725",2011-03-11,12430,2614,88585,301.189863234111,185
"726",2011-03-12,11741,2242,87368,310.556596542032,230
"727",2011-03-13,13101,2465,91509,292.285779711472,246
"728",2011-03-14,15047,3071,107997,305.009968764538,295
"729",2011-03-15,16267,3995,109380,279.43597467265,343
"730",2011-03-16,14127,3171,99650,301.012104480781,291
"731",2011-03-17,12955,2651,94287,307.271478193748,286
"732",2011-03-18,12899,3005,86834,295.161330335685,227
"733",2011-03-19,11457,2726,77873,290.92563498298,205
"734",2011-03-20,13499,2942,91098,295.683754352174,255
"735",2011-03-21,13928,3214,92334,290.344270534176,315
"736",2011-03-22,12468,2915,84945,294.156239974334,254
"737",2011-03-23,14110,3322,97626,301.414316087881,353
"738",2011-03-24,12070,2642,86089,304.02444076222,278
"739",2011-03-25,11273,2344,81010,317.74700612082,270
"740",2011-03-26,10429,2414,74180,315.410489979864,234
"741",2011-03-27,11714,2257,82215,305.39218029708,264
"742",2011-03-28,13240,2986,95184,311.766389728097,321
"743",2011-03-29,12535,2975,87385,302.454806541683,269
"744",2011-03-30,14337,3565,96569,294.868243007603,361
"745",2011-03-31,12141,2779,82908,292.388106416275,232
"746",2011-04-01,11432,2759,78181,284.121326102169,234
"747",2011-04-02,11325,2925,64913,234.974216335541,175
"748",2011-04-03,13029,3053,85531,279.747256120961,218
"749",2011-04-04,14087,3380,95909,287.342940299567,275
"750",2011-04-05,12254,3136,82511,288.91749632773,263
"751",2011-04-06,14226,3959,92477,283.699564178265,292
"752",2011-04-07,12682,3347,84957,279.436918467119,254
"753",2011-04-08,12451,3276,80891,280.077825074291,194
"754",2011-04-09,11073,2880,74360,289.666034498329,206
"755",2011-04-10,12300,2781,84723,296.234552845528,230
"756",2011-04-11,13776,3536,91361,284.557709059233,251
"757",2011-04-12,12225,3142,81810,290.383067484663,212
"758",2011-04-13,14581,4143,93256,265.964885810301,327
"759",2011-04-14,12404,3278,83101,281.620686875202,253
"760",2011-04-15,11809,2974,76511,277.909645185875,191
"761",2011-04-16,10726,2801,73968,291.414040648891,156
"762",2011-04-17,12104,2976,78515,275.39681097158,213
"763",2011-04-18,13754,3473,87161,267.147448015123,257
"764",2011-04-19,12757,3188,88525,296.192835306106,226
"765",2011-04-20,13768,3625,90896,284.135023242301,327
"766",2011-04-21,12026,3028,82394,292.445285215367,246
"767",2011-04-22,11834,2918,81726,283.848825418286,206
"768",2011-04-23,10600,2776,73467,294.299905660377,182
"769",2011-04-24,10252,2425,69341,289.756242684354,147
"770",2011-04-25,14053,3379,96782,295.006262008112,263
"771",2011-04-26,12921,3265,90135,293.224440832753,252
"772",2011-04-27,14471,3917,95709,284.878653859443,323
"773",2011-04-28,12134,3186,83944,300.255150815889,278
"774",2011-04-29,10926,2717,74903,290.693208859601,210
"775",2011-04-30,10354,2427,73444,306.672686884296,202
"776",2011-05-01,12697,2893,87471,288.288808379932,239
"777",2011-05-02,12695,3169,84396,288.081528160693,223
"778",2011-05-03,12086,3131,80138,278.368029124607,222
"779",2011-05-04,14148,3823,91132,278.722151540854,285
"780",2011-05-05,11719,2973,80276,279.123901356771,210
"781",2011-05-06,11494,2927,77575,280.080998781973,187
"782",2011-05-07,10453,2798,69821,280.954080168373,141
"783",2011-05-08,11077,2721,72963,274.25819265144,180
"784",2011-05-09,13965,3379,97241,291.390046544934,252
"785",2011-05-10,12371,3046,84816,292.356155525018,234
"786",2011-05-11,14052,3559,93982,290.174779390834,309
"787",2011-05-12,12138,2922,85548,296.123908386884,254
"788",2011-05-13,12449,3123,84088,274.562213832436,236
"789",2011-05-14,10721,2649,74575,299.03730995243,190
"790",2011-05-15,12541,2873,86346,289.823459054302,265
"791",2011-05-16,13628,3306,92348,283.553492808923,289
"792",2011-05-17,12152,3072,82432,283.24637919684,240
"793",2011-05-18,13946,3757,95370,288.704718198767,323
"794",2011-05-19,12381,3152,85427,285.908731120265,246
"795",2011-05-20,11926,3117,80055,276.910699312427,202
"796",2011-05-21,10881,2774,75470,293.496553625586,209
"797",2011-05-22,12801,2951,89374,295.326693227092,217
"798",2011-05-23,13518,3243,90773,288.318908122503,272
"799",2011-05-24,12076,2989,80876,280.427293805896,211
"800",2011-05-25,16058,4678,97963,266.139992527089,351
"801",2011-05-26,13758,3523,89648,283.023767989533,262
"802",2011-05-27,14886,3480,98423,287.603654440414,247
"803",2011-05-28,13991,3281,95861,295.917303981131,257
"804",2011-05-29,15181,3278,107033,307.077465252618,264
"805",2011-05-30,16789,3922,114775,302.197033772113,324
"806",2011-05-31,13293,3357,89671,293.059053637253,272
"807",2011-06-01,13954,3701,89867,274.498853375376,334
"808",2011-06-02,12278,3070,80855,279.010099364717,249
"809",2011-06-03,11690,2932,76845,286.594354148845,220
"810",2011-06-04,10594,2666,72873,292.820181234661,185
"811",2011-06-05,11028,2463,74336,289.182444686253,237
"812",2011-06-06,12405,2911,82024,288.746392583636,253
"813",2011-06-07,11592,2789,76422,279.971704623879,218
"814",2011-06-08,13412,3449,89252,283.534446764092,289
"815",2011-06-09,11499,2832,77025,279.157318027655,238
"816",2011-06-10,10842,2508,75546,296.917911824387,223
"817",2011-06-11,9886,2315,69260,307.900869917054,193
"818",2011-06-12,11254,2459,75790,286.742758130442,226
"819",2011-06-13,12452,2788,85315,290.913507870222,255
"820",2011-06-14,12081,2889,81706,297.610545484645,247
"821",2011-06-15,13716,3397,90283,290.435768445611,295
"822",2011-06-16,12107,2952,82711,302.026183199802,270
"823",2011-06-17,11785,2755,80282,295.895799745439,220
"824",2011-06-18,10382,2345,73339,308.799075322674,197
"825",2011-06-19,10942,2384,74603,302.23807347834,209
"826",2011-06-20,12502,2832,85210,288.031434970405,245
"827",2011-06-21,11704,2618,81348,292.884483937116,230
"828",2011-06-22,13500,3444,91678,292.005407407407,314
"829",2011-06-23,10901,2478,77007,302.458490046785,227
"830",2011-06-24,10590,2399,73028,293.776959395656,218
"831",2011-06-25,9333,2124,65093,303.055073395478,188
"832",2011-06-26,10992,2281,79162,307.436317321688,232
"833",2011-06-27,12460,2695,85745,292.944943820225,256
"834",2011-06-28,11600,2533,82162,312.459396551724,253
"835",2011-06-29,16891,6532,95074,238.919187733112,279
"836",2011-06-30,13338,4286,81130,251.569800569801,224
"837",2011-07-01,11279,2570,77592,292.565741643763,205
"838",2011-07-02,10671,2221,79004,316.266891575298,200
"839",2011-07-03,11745,2499,79069,294.412090251171,248
"840",2011-07-04,13869,3505,94462,297.134472564713,299
"841",2011-07-05,12104,2809,80717,293.576834104428,257
"842",2011-07-06,14724,6529,77919,226.89771801141,200
"843",2011-07-07,15650,7047,82901,218.086900958466,229
"844",2011-07-08,15247,6824,81829,228.40814586476,225
"845",2011-07-09,14900,6766,82578,231.756308724832,229
"846",2011-07-10,19728,8584,102450,220.474553933496,275
"847",2011-07-11,18778,8332,97709,229.030088401321,326
"848",2011-07-12,18292,8413,91206,215.232615350973,355
"849",2011-07-13,17730,7717,95979,218.604004512126,318
"850",2011-07-14,16072,7056,85776,229.171478347437,286
"851",2011-07-15,16325,7207,84876,225.867258805513,218
"852",2011-07-16,15390,7070,83127,221.387784275504,227
"853",2011-07-17,16632,7303,87652,220.254088504089,245
"854",2011-07-18,17808,7844,94685,218.362758310872,277
"855",2011-07-19,16642,7222,89662,232.328746544886,235
"856",2011-07-20,18463,8304,95877,216.194280452797,298
"857",2011-07-21,16158,7007,85629,213.832219334076,254
"858",2011-07-22,14897,6546,79886,212.535409814057,226
"859",2011-07-23,14239,6411,78311,219.32895568509,212
"860",2011-07-24,16221,6759,88747,222.442697737501,300
"861",2011-07-25,17341,7563,93550,216.894585087365,266
"862",2011-07-26,15177,6540,84096,228.228437767675,258
"863",2011-07-27,18075,8147,96069,219.259585062241,356
"864",2011-07-28,15490,6722,85570,229.580116204003,268
"865",2011-07-29,14857,6500,80209,219.072760315003,235
"866",2011-07-30,14254,6219,78812,222.036130209064,233
"867",2011-07-31,16696,7121,90972,221.053785337805,262
"868",2011-08-01,12147,2763,84835,304.07779698691,241
"869",2011-08-02,7368,1327,57902,332.35124864278,170
"870",2011-08-03,14076,3003,102897,314.000497300369,296
"871",2011-08-04,9361,1823,71045,322.849161414379,205
"872",2011-08-05,11524,2154,86719,321.562651856994,261
"873",2011-08-06,10910,1947,85600,331.604399633364,239
"874",2011-08-07,12078,2008,96554,338.750786554065,262
"875",2011-08-08,12113,2416,92128,321.634442334682,282
"876",2011-08-09,11428,2240,88399,327.874168708435,271
"877",2011-08-10,12408,2601,92356,324.676257253385,322
"878",2011-08-11,11607,2536,84302,306.473507366245,286
"879",2011-08-12,11641,2630,82479,293.869255218624,243
"880",2011-08-13,11593,2604,84577,302.54282756836,232
"881",2011-08-14,12879,2759,92405,302.235422004814,247
"882",2011-08-15,13445,3060,95831,292.02885831164,284
"883",2011-08-16,12270,2859,88289,291.38956805216,227
"884",2011-08-17,13316,3106,92249,297.372709522379,291
"885",2011-08-18,11803,2471,86997,296.351774972465,247
"886",2011-08-19,11499,2422,82236,290.985824854335,213
"887",2011-08-20,16388,3181,98545,228.632230900659,262
"888",2011-08-21,15457,2864,98615,248.335964288025,253
"889",2011-08-22,15610,2929,98741,238.546508648302,261
"890",2011-08-23,13330,2625,87826,261.913953488372,273
"891",2011-08-24,13511,2861,94436,280.278143734735,276
"892",2011-08-25,11750,2386,84854,289.717957446808,248
"893",2011-08-26,11464,2404,81365,294.069783670621,251
"894",2011-08-27,11181,2166,85186,320.529290761113,243
"895",2011-08-28,13034,2407,94099,305.765919901795,269
"896",2011-08-29,12555,2436,91792,302.412345679012,282
"897",2011-08-30,11238,2179,81426,307.638280832888,254
"898",2011-08-31,12389,2571,90603,312.251594156106,314
"899",2011-09-01,12538,2446,91222,307.446482692614,297
"900",2011-09-02,14587,2765,102192,296.400767806951,298
"901",2011-09-03,16268,3412,113398,287.900049176297,292
"902",2011-09-04,14601,2784,104771,302.459763029929,321
"903",2011-09-05,14411,2834,106475,302.410311567553,325
"904",2011-09-06,10854,2449,75724,301.529113690805,244
"905",2011-09-07,11227,2510,80029,295.438229268727,256
"906",2011-09-08,10298,2189,75618,288.915808894931,235
"907",2011-09-09,10117,2119,72999,294.857171098152,188
"908",2011-09-10,9994,2050,75157,311.974484690815,247
"909",2011-09-11,10773,2081,80009,311.458368142579,254
"910",2011-09-12,11343,2373,80888,284.895442122895,257
"911",2011-09-13,10895,2263,79782,307.233868747132,259
"912",2011-09-14,12220,2768,86747,288.883960720131,312
"913",2011-09-15,11509,2553,83143,310.891736901555,289
"914",2011-09-16,10959,2282,79742,297.318094716671,259
"915",2011-09-17,10531,2251,78798,310.243851486089,228
"916",2011-09-18,11839,2413,84650,293.665258890109,266
"917",2011-09-19,12308,2612,89143,296.42273318167,298
"918",2011-09-20,11499,2432,83858,291.468562483694,261
"919",2011-09-21,13203,3224,89853,278.254866318261,349
"920",2011-09-22,9962,2196,74197,301.715318209195,276
"921",2011-09-23,10978,2407,81373,295.311167790126,263
"922",2011-09-24,10290,2111,80462,321.278328474247,241
"923",2011-09-25,11941,2447,90670,303.110124780169,291
"924",2011-09-26,11808,2487,91396,310.510077913279,307
"925",2011-09-27,11082,2417,84316,311.197527522108,264
"926",2011-09-28,10831,2337,83677,314.53162219555,253
"927",2011-09-29,12163,2802,91934,309.366850283647,379
"928",2011-09-30,9560,2103,73059,321.471443514644,223
"929",2011-10-01,9778,2100,75360,319.275209654326,230
"930",2011-10-02,10876,2148,84756,319.365851415962,278
"931",2011-10-03,11465,2557,85506,300.506672481465,239
"932",2011-10-04,10580,2394,78505,305.195085066163,274
"933",2011-10-05,11881,2712,86339,305.771399713829,287
"934",2011-10-06,10866,2482,80161,301.941008650837,292
"935",2011-10-07,10540,2314,76806,303.302182163188,282
"936",2011-10-08,10077,2254,73916,319.400218318944,265
"937",2011-10-09,13428,2649,106034,326.129579982127,480
"938",2011-10-10,12767,2661,95576,305.643534111381,399
"939",2011-10-11,10778,2406,80774,307.795694934125,285
"940",2011-10-12,12801,3433,90372,294.881806108898,392
"941",2011-10-13,11047,2573,83861,319.313026160949,332
"942",2011-10-14,10954,2593,80353,300.320157020267,372
"943",2011-10-15,10121,2259,77677,307.244936271119,285
"944",2011-10-16,12780,2745,95601,307.41979655712,392
"945",2011-10-17,13015,2871,99180,314.389781021898,399
"946",2011-10-18,11113,2482,87026,324.630612795825,331
"947",2011-10-19,12711,3221,91204,296.519235308001,369
"948",2011-10-20,11477,2733,85923,307.818855101507,361
"949",2011-10-21,11022,2550,81909,302.715841045182,326
"950",2011-10-22,10275,2295,78903,314.80603406326,318
"951",2011-10-23,12910,2666,98037,324.188690937258,459
"952",2011-10-24,12299,2612,92983,318.571672493699,398
"953",2011-10-25,10940,2391,82576,331.639762340037,348
"954",2011-10-26,12166,2964,86163,291.825004109814,356
"955",2011-10-27,11035,2515,83556,316.457181694608,344
"956",2011-10-28,11021,2466,83840,322.431721259414,364
"957",2011-10-29,10198,2137,79742,322.903706609139,289
"958",2011-10-30,12548,2513,97746,320.221788332802,450
"959",2011-10-31,11101,2408,81396,308.167462390776,335
"960",2011-11-01,11891,2598,90634,301.230426372887,337
"961",2011-11-02,13069,2949,96921,304.797153569516,395
"962",2011-11-03,11715,2692,86566,337.16064874093,356
"963",2011-11-04,12079,2622,94279,318.31625134531,410
"964",2011-11-05,11613,2518,90696,318.107035219151,360
"965",2011-11-06,16046,3317,124683,322.063754206656,590
"966",2011-11-07,14834,3144,113975,324.44263179183,517
"967",2011-11-08,13834,2817,110834,330.924822900101,467
"968",2011-11-09,15308,3350,120232,332.438659524432,545
"969",2011-11-10,15072,3190,115781,322.312898089172,594
"970",2011-11-11,14600,3074,110687,316.878287671233,514
"971",2011-11-12,14040,2996,107988,321.67613960114,532
"972",2011-11-13,17505,3524,131455,325.845644101685,664
"973",2011-11-14,17187,3435,131594,314.108628614651,652
"974",2011-11-15,16965,3485,126222,316.650928381963,607
"975",2011-11-16,17278,3887,123682,299.142724852413,609
"976",2011-11-17,15906,3377,116370,312.991072551239,538
"977",2011-11-18,16011,3313,115005,297.644307038911,482
"978",2011-11-19,15945,3325,117557,309.186139855754,500
"979",2011-11-20,22712,5091,159606,294.780248326876,737
"980",2011-11-21,25133,5161,172744,287.760354911869,707
"981",2011-11-22,24397,5142,164517,279.580030331598,606
"982",2011-11-23,27914,6477,167469,247.137278784839,558
"983",2011-11-24,44928,8622,270962,250.458756232194,1043
"984",2011-11-25,43850,8952,287159,274.250102622577,985
"985",2011-11-26,25192,5105,186906,314.815973324865,688
"986",2011-11-27,30364,6470,208543,291.143854564616,837
"987",2011-11-28,37226,7265,261086,291.900499650782,906
"988",2011-11-29,18956,4140,136739,297.978054441865,546
"989",2011-11-30,18605,4206,130346,296.263853802741,593
"990",2011-12-01,17103,3754,125761,300.143892884289,520
"991",2011-12-02,16778,3474,123501,305.445047085469,473
"992",2011-12-03,27725,10728,145961,220.292804328224,455
"993",2011-12-04,23661,6897,136833,275.071974979925,522
"994",2011-12-05,20742,4562,141693,285.550911194677,606
"995",2011-12-06,16893,3615,119925,300.395607648138,481
"996",2011-12-07,17913,3908,127518,304.456204990789,559
"997",2011-12-08,17192,3778,119200,304.531351791531,519
"998",2011-12-09,16169,3416,112554,294.834992887624,490
"999",2011-12-10,15838,3390,114519,308.472471271625,429
"1000",2011-12-11,17959,3584,124320,292.796146778774,546
"1001",2011-12-12,18157,3856,128483,299.094013328193,603
"1002",2011-12-13,17155,3670,123678,307.426989215972,534
"1003",2011-12-14,19398,4158,137773,295.970821734199,537
"1004",2011-12-15,18771,3944,130331,288.157956422141,536
"1005",2011-12-16,19543,4161,134292,286.479097375019,472
"1006",2011-12-17,17322,3641,120999,291.793845976215,461
"1007",2011-12-18,18794,3768,130932,299.911567521549,556
"1008",2011-12-19,20802,4220,150538,306.981924814922,650
"1009",2011-12-20,19453,4189,137597,301.729861717987,550
"1010",2011-12-21,20178,4426,143175,300.7510655169,591
"1011",2011-12-22,19093,4008,138376,303.842717226209,581
"1012",2011-12-23,17062,3862,118750,302.986578361271,549
"1013",2011-12-24,11309,2854,74311,272.665222389248,263
"1014",2011-12-25,11421,2723,76809,266.963138078977,216
"1015",2011-12-26,20742,4672,144784,284.88356956899,412
"1016",2011-12-27,19210,4688,132971,274.024830817283,380
"1017",2011-12-28,20396,5247,141689,280.377034712689,500
"1018",2011-12-29,16356,3811,117010,294.724688187821,474
"1019",2011-12-30,14453,3377,98548,279.735418252266,396
"1020",2011-12-31,5816,2071,27496,390.698246217331,90
"1021",2012-01-01,12208,2477,88685,301.486320445609,352
"1022",2012-01-02,16845,4095,117190,280.424873849807,435
"1023",2012-01-03,15003,3868,102635,273.932480170633,319
"1024",2012-01-04,15983,4243,105782,275.741600450479,373
"1025",2012-01-05,14612,3796,99337,289.099301943608,413
"1026",2012-01-06,14376,3804,97778,273.362548692265,360
"1027",2012-01-07,13620,3647,93928,270.839574155653,336
"1028",2012-01-08,15450,3696,108234,292.808284789644,429
"1029",2012-01-09,14804,3469,105894,289.451364496082,361
"1030",2012-01-10,13555,3140,98225,302.464846919956,336
"1031",2012-01-11,15167,3767,106619,289.449660447023,383
"1032",2012-01-12,14604,3371,104531,300.411462612983,437
"1033",2012-01-13,13846,3044,100976,304.290481005345,399
"1034",2012-01-14,12978,2861,95483,302.492140545539,380
"1035",2012-01-15,15073,3249,111455,299.402242420222,437
"1036",2012-01-16,15292,3392,111877,300.969853518179,299
"1037",2012-01-17,13508,2918,101215,302.943514954101,237
"1038",2012-01-18,14826,3343,109365,297.747268312424,278
"1039",2012-01-19,13526,2954,104160,316.581842377643,287
"1040",2012-01-20,13333,2901,99159,292.642766069152,247
"1041",2012-01-21,13241,2726,103326,299.71535382524,265
"1042",2012-01-22,14793,2799,117816,312.390184546745,300
"1043",2012-01-23,14170,2788,108432,291.01707833451,264
"1044",2012-01-24,13294,2717,102779,298.343914547916,239
"1045",2012-01-25,15611,3570,113872,293.553199666902,276
"1046",2012-01-26,14188,3038,105325,297.04510854243,275
"1047",2012-01-27,12932,2758,96580,298.742421899165,207
"1048",2012-01-28,12547,2515,97499,309.800350681438,214
"1049",2012-01-29,14187,2667,109087,300.288785507859,264
"1050",2012-01-30,13669,2655,104444,302.55161313922,231
"1051",2012-01-31,13149,2652,96776,285.813978249296,209
"1052",2012-02-01,16188,3577,115624,277.877872498147,261
"1053",2012-02-02,15928,3332,117893,290.295328980412,283
"1054",2012-02-03,16084,3311,118710,286.670355632927,267
"1055",2012-02-04,15860,3153,116810,287.384237074401,296
"1056",2012-02-05,15562,2970,115842,288.916141884077,306
"1057",2012-02-06,16055,3328,114479,271.173590781688,270
"1058",2012-02-07,16413,4369,104528,254.302382257966,249
"1059",2012-02-08,17866,4452,118497,260.881618717116,293
"1060",2012-02-09,15393,3339,107844,282.204248684467,425
"1061",2012-02-10,14223,2984,102684,279.308865921395,384
"1062",2012-02-11,13041,2730,96418,287.103673031209,307
"1063",2012-02-12,15402,2926,116281,295.247630177899,422
"1064",2012-02-13,14873,3209,106237,283.069051301015,367
"1065",2012-02-14,11740,2567,82986,275.321720613288,274
"1066",2012-02-15,15780,3433,109961,269.368441064639,407
"1067",2012-02-16,14377,3114,99574,270.631981637337,375
"1068",2012-02-17,14098,2940,99124,271.059015463186,355
"1069",2012-02-18,14064,2857,99437,273.048492605233,325
"1070",2012-02-19,16119,3108,118595,291.501209752466,434
"1071",2012-02-20,18883,4429,128159,268.782237991845,406
"1072",2012-02-21,13843,3079,98121,273.403019576681,324
"1073",2012-02-22,14367,3284,97923,280.499965198023,337
"1074",2012-02-23,14212,3163,98502,271.120039403321,361
"1075",2012-02-24,13541,2960,95623,276.650542795953,303
"1076",2012-02-25,13272,2930,97065,283.561407474382,317
"1077",2012-02-26,14089,2833,100568,270.894669600397,357
"1078",2012-02-27,14773,3286,104174,274.440059568131,363
"1079",2012-02-28,13245,3027,94381,280.603322008305,321
"1080",2012-02-29,13917,3183,96914,263.451246676726,312
"1081",2012-03-01,13724,3206,96367,270.002185951618,319
"1082",2012-03-02,12959,2951,88920,257.257890269311,295
"1083",2012-03-03,12796,2764,90722,266.051266020631,354
"1084",2012-03-04,13803,2950,96771,265.689053104398,373
"1085",2012-03-05,14993,3964,99898,254.521176549056,417
"1086",2012-03-06,13725,3689,93319,264.870382513661,324
"1087",2012-03-07,15825,4329,105930,253.297819905213,390
"1088",2012-03-08,10981,2706,77558,267.175849194062,278
"1089",2012-03-09,13383,3034,98003,283.98677426586,357
"1090",2012-03-10,13856,3022,101972,281.440242494226,365
"1091",2012-03-11,13770,3028,96739,263.055700798838,368
"1092",2012-03-12,13874,3133,97555,266.177454230936,384
"1093",2012-03-13,12696,3030,89825,264.540012602394,300
"1094",2012-03-14,14400,3468,99504,263.248125,439
"1095",2012-03-15,14204,3413,100121,278.505984229794,440
"1096",2012-03-16,12613,3055,86311,264.867993340205,342
"1097",2012-03-17,11711,2770,83033,273.793015113995,282
"1098",2012-03-18,13517,2991,97933,283.35769771399,375
"1099",2012-03-19,15832,3826,107956,273.453385548257,454
"1100",2012-03-20,14116,3502,99541,280.846557098328,369
"1101",2012-03-21,13950,3159,100171,278.811254480287,368
"1102",2012-03-22,13765,3581,94918,264.349219033781,404
"1103",2012-03-23,11752,2791,84518,279.73638529612,329
"1104",2012-03-24,10749,2525,78355,283.781468043539,334
"1105",2012-03-25,12194,2683,86304,277.718960144333,363
"1106",2012-03-26,13132,3124,93900,280.212991166616,395
"1107",2012-03-27,12146,3002,84256,277.198419232669,360
"1108",2012-03-28,12547,3092,88033,270.714274328525,328
"1109",2012-03-29,12204,3069,85558,270.049410029499,401
"1110",2012-03-30,10806,2719,71949,245.833888580418,277
"1111",2012-03-31,10462,2671,70660,257.253202064615,274
"1112",2012-04-01,11530,2672,77826,263.884822202949,317
"1113",2012-04-02,12563,3028,86204,258.453474488578,354
"1114",2012-04-03,12181,3130,79184,264.008619981939,312
"1115",2012-04-04,11410,2938,76050,257.578001752848,303
"1116",2012-04-05,12285,3254,79248,243.270492470492,345
"1117",2012-04-06,11688,3075,75418,248.953798767967,354
"1118",2012-04-07,9615,2459,65664,253.869994799792,256
"1119",2012-04-08,9775,2232,65268,254.163375959079,196
"1120",2012-04-09,12807,3100,83997,252.271726399625,324
"1121",2012-04-10,12035,2985,77932,246.268633153303,275
"1122",2012-04-11,12324,2981,86589,275.327247646868,376
"1123",2012-04-12,11606,2899,79045,253.633723935895,146
"1124",2012-04-13,11129,2710,78113,259.845628538054,186
"1125",2012-04-14,10629,2630,72311,255.209050710321,246
"1126",2012-04-15,12500,2894,86686,264.17384,280
"1127",2012-04-16,12736,3217,88196,262.748586683417,307
"1128",2012-04-17,11263,2819,76807,256.182367042529,244
"1129",2012-04-18,12559,3177,83630,258.020781909388,301
"1130",2012-04-19,11437,2952,77256,256.872956194806,272
"1131",2012-04-20,11513,3066,79205,258.30443846087,286
"1132",2012-04-21,10434,2766,71842,266.819244776692,230
"1133",2012-04-22,11631,2794,80396,268.9585590233,297
"1134",2012-04-23,12215,3096,82347,262.876217765043,306
"1135",2012-04-24,11310,2955,75198,254.425022104332,249
"1136",2012-04-25,12612,3302,87200,274.065810339359,343
"1137",2012-04-26,11642,3035,80901,269.681841607971,281
"1138",2012-04-27,10671,2706,72746,263.548589635461,267
"1139",2012-04-28,9863,2483,69916,273.257325357396,277
"1140",2012-04-29,11227,2624,81077,267.553219916273,300
"1141",2012-04-30,12071,2955,85927,269.41852373457,295
"1142",2012-05-01,11538,2942,79764,260.902842780378,275
"1143",2012-05-02,12583,3252,85263,253.632361122149,307
"1144",2012-05-03,11580,3029,81329,274.885319516408,292
"1145",2012-05-04,11076,2787,76939,277.743318887685,261
"1146",2012-05-05,10533,2899,70315,248.110984524827,227
"1147",2012-05-06,11963,2983,83980,266.390203126306,288
"1148",2012-05-07,12878,3400,85515,251.890355645287,292
"1149",2012-05-08,12088,3243,82090,262.054599602912,285
"1150",2012-05-09,13286,3644,89576,263.688167996387,358
"1151",2012-05-10,13972,4215,83242,237.075365015746,303
"1152",2012-05-11,12931,3673,80463,244.834196891192,266
"1153",2012-05-12,11337,3182,74327,259.620622739702,265
"1154",2012-05-13,11059,3066,68163,235.806763721856,212
"1155",2012-05-14,13906,3616,90903,251.259743995398,333
"1156",2012-05-15,13325,3518,87193,252.194896810507,305
"1157",2012-05-16,13908,3765,90674,257.962036238136,373
"1158",2012-05-17,14282,4076,90452,280.95000700182,335
"1159",2012-05-18,13416,3911,81683,273.434257602862,264
"1160",2012-05-19,12489,3742,74867,277.074385459204,255
"1161",2012-05-20,14732,4013,93645,275.184428455064,338
"1162",2012-05-21,15302,4261,94772,273.611815448961,339
"1163",2012-05-22,17196,4945,106074,262.075017445918,361
"1164",2012-05-23,13114,3557,84039,259.825529967973,276
"1165",2012-05-24,13654,3846,88282,248.911015087154,342
"1166",2012-05-25,14277,3897,86641,251.700497303355,264
"1167",2012-05-26,13439,3587,86638,243.84931914577,273
"1168",2012-05-27,11846,3049,77367,253.74312004052,263
"1169",2012-05-28,15443,4035,101983,257.117334714757,352
"1170",2012-05-29,13341,3755,84527,248.566973989956,316
"1171",2012-05-30,13585,3733,87343,264.263231505337,379
"1172",2012-05-31,12508,3616,79024,251.41093700032,325
"1173",2012-06-01,10596,2808,68995,271.370328425821,248
"1174",2012-06-02,7125,1820,49179,270.043649122807,157
"1175",2012-06-03,12400,3160,81739,250.836370967742,308
"1176",2012-06-04,13643,3814,84649,249.570988785458,335
"1177",2012-06-05,12761,3969,76513,229.482328971084,300
"1178",2012-06-06,12307,3699,74561,233.630372958479,175
"1179",2012-06-07,12315,3384,75861,237.155663824604,292
"1180",2012-06-08,11674,3570,70155,231.717920164468,248
"1181",2012-06-09,10675,3026,66853,243.926932084309,265
"1182",2012-06-10,11927,3055,77797,259.144545988094,297
"1183",2012-06-11,14203,4121,86654,244.362247412518,334
"1184",2012-06-12,12610,3294,84288,273.51641554322,362
"1185",2012-06-13,13306,4014,87808,258.438599128213,357
"1186",2012-06-14,14424,4401,90711,248.621810870771,362
"1187",2012-06-15,13195,3879,81884,237.504130352406,345
"1188",2012-06-16,11841,3612,73714,244.015623680432,306
"1189",2012-06-17,13000,4063,80170,243.069,372
"1190",2012-06-18,14570,4450,89233,236.388194921071,427
"1191",2012-06-19,14133,4648,86639,241.142078822614,346
"1192",2012-06-20,13545,4456,82403,229.625913621262,341
"1193",2012-06-21,14377,4674,88879,231.215830840926,340
"1194",2012-06-22,13066,4254,78234,232.153757844788,342
"1195",2012-06-23,12230,4070,73321,233.496811120196,320
"1196",2012-06-24,14274,4289,90015,244.754518705338,363
"1197",2012-06-25,15171,4785,93963,242.341111330829,381
"1198",2012-06-26,14107,4334,87707,253.612603671936,368
"1199",2012-06-27,12406,3228,81586,267.479848460422,313
"1200",2012-06-28,12517,3253,81871,261.714228649037,367
"1201",2012-06-29,11624,3127,74063,250.17154163799,268
"1202",2012-06-30,10986,2851,72177,259.556526488258,277
"1203",2012-07-01,12218,3016,81255,266.792601080373,312
"1204",2012-07-02,13710,3671,86785,258.479576951131,328
"1205",2012-07-03,14522,4160,88357,229.462746178212,324
"1206",2012-07-04,12974,3679,82392,247.909125944196,282
"1207",2012-07-05,14384,4118,88561,247.001320912125,333
"1208",2012-07-06,14476,4274,88542,241.267822602929,378
"1209",2012-07-07,12658,3720,81570,251.507663137936,318
"1210",2012-07-08,13382,3542,89986,254.906740397549,371
"1211",2012-07-09,13490,3769,84602,258.489696071164,355
"1212",2012-07-10,12672,3751,75476,244.878235479798,327
"1213",2012-07-11,12282,3580,74004,255.854176844162,315
"1214",2012-07-12,13522,3636,89224,258.945570181926,351
"1215",2012-07-13,12841,3389,81909,252.113153181216,323
"1216",2012-07-14,12176,3171,80502,266.637072930355,333
"1217",2012-07-15,13038,3133,86474,252.503221352968,341
"1218",2012-07-16,14010,3732,89240,252.055745895789,368
"1219",2012-07-17,12513,3353,82472,257.552465435947,322
"1220",2012-07-18,13289,3855,79509,263.386184062006,338
"1221",2012-07-19,13592,3984,79840,265.206518540318,374
"1222",2012-07-20,12495,3628,74606,257.902921168467,312
"1223",2012-07-21,11548,3226,71902,268.224541046069,323
"1224",2012-07-22,12865,3775,81053,261.740458608628,394
"1225",2012-07-23,13525,3939,78580,264.793197781885,380
"1226",2012-07-24,12802,3872,74251,266.095844399313,360
"1227",2012-07-25,12438,3775,72043,257.358900144718,318
"1228",2012-07-26,13316,4027,77599,261.527485731451,365
"1229",2012-07-27,11946,3539,67071,249.403900887326,326
"1230",2012-07-28,10834,3144,63983,273.250969171128,333
"1231",2012-07-29,13273,4006,79560,267.107963534996,377
"1232",2012-07-30,13038,3809,76406,272.258551925142,388
"1233",2012-07-31,12584,3728,70968,262.744914176732,345
"1234",2012-08-01,13089,4090,72252,248.920620368248,337
"1235",2012-08-02,14668,4547,80350,244.630556313062,391
"1236",2012-08-03,13424,4302,74384,242.205452920143,325
"1237",2012-08-04,12796,4049,72089,245.858549546733,317
"1238",2012-08-05,14492,4781,81972,247.742892630417,368
"1239",2012-08-06,14225,4679,78888,245.361968365554,358
"1240",2012-08-07,13279,4481,71008,237.251148429852,292
"1241",2012-08-08,13827,5033,73758,234.581977290808,220
"1242",2012-08-09,15186,5474,80544,229.832477281707,226
"1243",2012-08-10,14506,5345,73796,212.500758306907,238
"1244",2012-08-11,14420,5215,76992,234.249306518724,371
"1245",2012-08-12,16684,6259,89420,230.152181731,401
"1246",2012-08-13,14374,4471,82207,253.159385000696,387
"1247",2012-08-14,12705,3554,76632,280.347028728847,362
"1248",2012-08-15,12739,3600,75500,261.645498076772,343
"1249",2012-08-16,13842,3984,79614,262.529836728796,438
"1250",2012-08-17,12389,3545,71911,266.856243441763,352
"1251",2012-08-18,11358,3119,67138,262.950519457651,314
"1252",2012-08-19,13204,3742,79410,274.799606179945,384
"1253",2012-08-20,13019,3803,75059,249.403256778554,378
"1254",2012-08-21,11913,3509,68531,258.303198186855,322
"1255",2012-08-22,12170,3858,65917,242.911914543961,299
"1256",2012-08-23,15155,4922,82014,234.826064005279,380
"1257",2012-08-24,12886,3999,72286,246.726214496353,324
"1258",2012-08-25,11831,3394,70180,263.695207505705,319
"1259",2012-08-26,13498,3933,79125,267.156171284635,315
"1260",2012-08-27,13193,4049,72756,248.599181384067,332
"1261",2012-08-28,12215,3560,68916,254.902005730659,351
"1262",2012-08-29,12083,3421,70844,266.816270793677,368
"1263",2012-08-30,12516,3604,73027,252.357142857143,332
"1264",2012-08-31,15023,4282,85030,243.901817213606,415
"1265",2012-09-01,14496,4052,83632,258.14210816777,381
"1266",2012-09-02,16323,4503,96524,267.149849905042,395
"1267",2012-09-03,16285,4505,97253,275.303960700031,458
"1268",2012-09-04,13384,4086,74167,251.331963538554,338
"1269",2012-09-05,13139,4206,70603,250.140041099018,337
"1270",2012-09-06,13442,4225,73660,248.556316024401,365
"1271",2012-09-07,12637,4030,67143,242.168315264699,341
"1272",2012-09-08,11579,3569,63722,256.383020986268,308
"1273",2012-09-09,12319,3958,68382,247.718077766052,357
"1274",2012-09-10,13464,4334,73166,244.92491087344,344
"1275",2012-09-11,11469,3631,64141,252.150579823873,306
"1276",2012-09-12,12156,3963,66408,245.424728529121,326
"1277",2012-09-13,12243,3850,68032,247.620926243568,330
"1278",2012-09-14,14229,4305,78485,239.008011806873,342
"1279",2012-09-15,12582,3864,70189,256.595851216023,306
"1280",2012-09-16,14739,4632,83144,243.008955831468,369
"1281",2012-09-17,14284,4608,76644,238.125735088211,359
"1282",2012-09-18,12678,4267,67189,235.694115791134,320
"1283",2012-09-19,11925,3908,64519,240.190020964361,323
"1284",2012-09-20,12127,3950,66772,243.229735301394,299
"1285",2012-09-21,13333,4401,69634,227.531613290332,326
"1286",2012-09-22,11576,3602,63391,240.195145127851,283
"1287",2012-09-23,13326,4471,71877,236.049902446345,356
"1288",2012-09-24,13198,4184,71446,235.651159266556,352
"1289",2012-09-25,11623,3651,61527,242.748257764777,254
"1290",2012-09-26,11186,3428,60437,246.673788664402,312
"1291",2012-09-27,11524,3728,60676,228.613502256161,306
"1292",2012-09-28,13311,4260,70209,232.278566599053,323
"1293",2012-09-29,12932,3869,73047,251.904423136406,343
"1294",2012-09-30,13415,4236,75067,244.575922474842,341
"1295",2012-10-01,13033,4279,68864,228.463515690938,312
"1296",2012-10-02,11757,3965,62035,247.304924725695,278
"1297",2012-10-03,11272,3677,59668,226.345723917672,271
"1298",2012-10-04,11157,3737,58905,229.143228466434,268
"1299",2012-10-05,15502,4942,81162,229.561282415172,397
"1300",2012-10-06,12051,3744,66506,238.313749896274,335
"1301",2012-10-07,14164,4296,80834,252.425939000282,418
"1302",2012-10-08,13251,4194,73388,246.622971851181,407
"1303",2012-10-09,12451,4202,65651,238.243755521645,318
"1304",2012-10-10,11981,3997,63760,230.70720307153,296
"1305",2012-10-11,13512,4387,72272,241.38809946714,371
"1306",2012-10-12,12469,4093,66624,239.646643676317,314
"1307",2012-10-13,12108,3865,67625,250.590270895276,317
"1308",2012-10-14,14083,4566,79342,248.721508201378,402
"1309",2012-10-15,14576,4981,76761,229.613268386389,374
"1310",2012-10-16,12505,4040,67986,234.452538984406,351
"1311",2012-10-17,12227,4023,65987,235.327553774434,318
"1312",2012-10-18,15296,5135,78768,230.861074790795,420
"1313",2012-10-19,12908,4222,66433,221.937015804152,341
"1314",2012-10-20,11947,3834,64807,246.467397673056,337
"1315",2012-10-21,14180,4538,77907,237.126727785614,374
"1316",2012-10-22,14388,4613,79366,245.084653878232,418
"1317",2012-10-23,12513,4025,67891,243.436186366179,341
"1318",2012-10-24,11953,3888,63358,238.227055969213,296
"1319",2012-10-25,14640,4760,77138,233.884357923497,409
"1320",2012-10-26,13038,4196,67936,236.521629084215,334
"1321",2012-10-27,11761,3715,63736,249.299974491965,322
"1322",2012-10-28,13894,4570,74892,235.829278825392,377
"1323",2012-10-29,13933,4742,74202,230.796167372425,371
"1324",2012-10-30,12131,4082,64577,233.794081279367,308
"1325",2012-10-31,11124,3853,57086,225.223930240921,286
"1326",2012-11-01,13478,4957,68291,212.576495028936,348
"1327",2012-11-02,15470,5428,78309,209.028442146089,361
"1328",2012-11-03,14310,5085,74755,225.363661774983,332
"1329",2012-11-04,17964,6236,97133,232.926686706747,519
"1330",2012-11-05,16504,5802,85663,222.949042656326,403
"1331",2012-11-06,14149,5254,70552,212.590147713619,338
"1332",2012-11-07,14660,5305,75691,228.293724420191,388
"1333",2012-11-08,18566,6587,94148,215.327049445222,412
"1334",2012-11-09,16560,5964,82053,212.930314009662,411
"1335",2012-11-10,15483,5527,81711,222.668991797455,375
"1336",2012-11-11,19722,6753,105689,231.087060135889,540
"1337",2012-11-12,19440,6647,102326,221.472530864198,488
"1338",2012-11-13,16605,5856,86171,222.969165913881,398
"1339",2012-11-14,17133,6024,88989,226.480301173175,420
"1340",2012-11-15,19525,6298,104489,238.523533930858,476
"1341",2012-11-16,18379,6002,95527,231.1922302628,443
"1342",2012-11-17,17692,5759,94138,228.372823875198,414
"1343",2012-11-18,22187,7413,114215,221.382025510434,538
"1344",2012-11-19,23713,7956,120860,224.735335048286,528
"1345",2012-11-20,24333,7934,122819,225.069165331032,565
"1346",2012-11-21,24149,8470,112720,201.084144270984,447
"1347",2012-11-22,41280,14463,175056,171.692974806202,664
"1348",2012-11-23,43826,12618,231637,237.972231095697,915
"1349",2012-11-24,26628,8353,142295,243.827211957338,638
"1350",2012-11-25,29040,9392,153263,237.829201101928,751
"1351",2012-11-26,35809,10687,185783,223.845597475495,764
"1352",2012-11-27,21520,7538,107650,219.961384758364,518
"1353",2012-11-28,18646,6551,94229,226.555561514534,496
"1354",2012-11-29,20559,6781,105490,234.638601099275,533
"1355",2012-11-30,16726,5343,88149,238.070548846108,427
"1356",2012-12-01,13221,3685,76771,277.71076317979,372
"1357",2012-12-02,15722,4447,90982,272.784060552093,492
"1358",2012-12-03,19211,6612,98406,235.940971318515,501
"1359",2012-12-04,17111,5967,87612,230.041727543685,438
"1360",2012-12-05,18142,6485,91068,223.828133612612,430
"1361",2012-12-06,17769,6438,87842,216.778997129833,438
"1362",2012-12-07,19995,7390,96538,209.9775943986,497
"1363",2012-12-08,18036,6834,78088,154.952428476381,421
"1364",2012-12-09,20275,7446,102484,225.636300863132,571
"1365",2012-12-10,19836,7208,98402,222.335551522484,439
"1366",2012-12-11,18210,6636,92326,226.971663920923,526
"1367",2012-12-12,17775,6096,93539,237.459915611814,520
"1368",2012-12-13,17660,6075,92384,233.917497168743,509
"1369",2012-12-14,20901,8205,97649,204.650686570021,491
"1370",2012-12-15,19268,7508,93549,211.808023666182,496
"1371",2012-12-16,21806,8288,109793,227.259882601119,610
"1372",2012-12-17,23965,9155,114637,217.127435843939,645
"1373",2012-12-18,19916,7624,97295,220.348915444868,506
"1374",2012-12-19,19674,7319,98282,225.666971637694,564
"1375",2012-12-20,18296,6484,91941,227.978738522081,478
"1376",2012-12-21,21696,7933,104815,211.877949852507,529
"1377",2012-12-22,19716,7436,93408,206.484834652059,487
"1378",2012-12-23,19977,7675,95775,203.753816889423,458
"1379",2012-12-24,14389,6058,63972,193.716033080826,284
"1380",2012-12-25,13129,5825,59124,182.836773554726,194
"1381",2012-12-26,24920,8913,126316,224.225922953451,510
"1382",2012-12-27,23428,8675,118031,218.539653406181,490
"1383",2012-12-28,20226,7634,101245,214.316473845545,439
"1384",2012-12-29,18426,6842,93246,220.884131119071,444
"1385",2012-12-30,17609,6276,95992,246.358225907207,506
"1386",2012-12-31,11589,3314,67936,271.649063767366,273
"1387",2013-01-01,13293,4224,74998,255.689911983751,291
"1388",2013-01-02,15620,4949,86002,245.195646606914,400
"1389",2013-01-03,16646,5535,88659,234.144178781689,386
"1390",2013-01-04,14850,4883,80211,237.691043771044,355
"1391",2013-01-05,14183,4697,80029,252.177536487344,342
"1392",2013-01-06,15828,5211,89111,251.897902451352,479
"1393",2013-01-07,14529,4847,77965,234.898823043568,368
"1394",2013-01-08,13379,4447,73216,258.592570446222,322
"1395",2013-01-09,14400,4578,82641,262.379305555556,397
"1396",2013-01-10,13866,4407,76896,261.0328140776,410
"1397",2013-01-11,17945,6213,94124,232.799888548342,521
"1398",2013-01-12,14694,4694,83926,256.288893425888,407
"1399",2013-01-13,16700,5291,98236,264.525329341317,490
"1400",2013-01-14,15179,4839,84500,254.256143355952,393
"1401",2013-01-15,14022,4542,77712,249.707531022679,369
"1402",2013-01-16,13588,4499,76022,250.520385634383,347
"1403",2013-01-17,13919,4476,78185,254.990444715856,360
"1404",2013-01-18,14891,4797,82370,252.547646229266,377
"1405",2013-01-19,12410,3728,73887,265.415874294923,354
"1406",2013-01-20,15861,4887,96307,276.99955866591,446
"1407",2013-01-21,15154,4845,88160,267.576415467863,397
"1408",2013-01-22,13189,4389,73603,263.310865114868,338
"1409",2013-01-23,12546,3786,73800,283.146819703491,393
"1410",2013-01-24,12228,3652,71286,271.107212953876,376
"1411",2013-01-25,14017,4262,78328,258.235999143897,346
"1412",2013-01-26,13765,4037,83037,270.749654921903,344
"1413",2013-01-27,16453,4785,101384,278.824348143196,438
"1414",2013-01-28,14447,4540,77340,287.228767218108,337
"1415",2013-01-29,11718,4382,53986,266.484809694487,225
"1416",2013-01-30,13408,3958,78621,294.906324582339,403
"1417",2013-01-31,16141,4790,95812,276.962022179543,511
"1418",2013-02-01,16932,5234,93356,249.107370659107,394
"1419",2013-02-02,16689,5098,96057,258.568458265924,440
"1420",2013-02-03,15952,5105,90004,245.601303911735,396
"1421",2013-02-04,18150,5531,101294,240.080220385675,428
"1422",2013-02-05,15773,4957,85452,231.022443415964,313
"1423",2013-02-06,16799,5050,95153,248.742067980237,378
"1424",2013-02-07,19682,6352,105242,227.813382786302,404
"1425",2013-02-08,17978,5776,96145,231.66525753699,399
"1426",2013-02-09,18358,5738,101455,230.403475324109,373
"1427",2013-02-10,21427,6784,120047,235.834274513464,469
"1428",2013-02-11,19206,6091,105440,238.419400187441,481
"1429",2013-02-12,17443,5460,95942,234.028435475549,393
"1430",2013-02-13,16642,5324,92087,236.173777190242,416
"1431",2013-02-14,16095,5225,87381,236.269027648338,391
"1432",2013-02-15,22518,7534,116566,217.51518784972,476
"1433",2013-02-16,20851,6967,112462,234.002877559829,445
"1434",2013-02-17,22197,7408,120514,230.184484389782,506
"1435",2013-02-18,23283,7496,127186,234.846669243654,579
"1436",2013-02-19,17966,5941,96859,231.609094957141,447
"1437",2013-02-20,17812,5730,99455,242.007859869751,440
"1438",2013-02-21,19032,6011,106650,251.745849096259,525
"1439",2013-02-22,15186,4477,87754,255.922231002239,442
"1440",2013-02-23,13865,3846,84398,275.912657771367,418
"1441",2013-02-24,17276,4949,102943,263.668789071544,491
"1442",2013-02-25,19711,6144,107953,242.619045203186,474
"1443",2013-02-26,18028,5711,97147,250.673896161527,462
"1444",2013-02-27,14888,4242,83635,258.500134336378,392
"1445",2013-02-28,17165,5963,90028,244.537663850859,375
"1446",2013-03-01,22459,6354,111995,227.424061623403,357
"1447",2013-03-02,20389,6191,105400,237.417872382167,394
"1448",2013-03-03,21435,6709,114817,236.807697690693,429
"1449",2013-03-04,22153,6823,112764,233.653455513926,462
"1450",2013-03-05,19723,6313,101406,231.230492318613,413
"1451",2013-03-06,18567,5970,99969,246.750094253245,435
"1452",2013-03-07,18526,5977,95782,231.435604015978,429
"1453",2013-03-08,20623,6619,104629,225.696212966106,420
"1454",2013-03-09,19282,6299,103545,245.324343947723,440
"1455",2013-03-10,20414,6875,109119,233.603213480944,460
"1456",2013-03-11,20175,6444,106459,237.14126394052,442
"1457",2013-03-12,18007,5896,93935,231.19075914922,462
"1458",2013-03-13,17330,5567,90679,231.897518753606,422
"1459",2013-03-14,20126,6453,103141,230.112093809003,478
"1460",2013-03-15,19299,6059,95569,223.935177988497,436
"1461",2013-03-16,16923,5756,84852,223.935117886899,396
"1462",2013-03-17,19165,6540,98733,221.984450821811,458
"1463",2013-03-18,21116,6613,110579,237.100918734609,547
"1464",2013-03-19,17808,5581,95933,242.97248427673,501
"1465",2013-03-20,17423,5205,95309,244.702462262527,496
"1466",2013-03-21,19924,5939,109190,265.316352138125,570
"1467",2013-03-22,17784,5070,95663,251.985380116959,439
"1468",2013-03-23,16647,4967,91579,244.733946056346,442
"1469",2013-03-24,20091,5930,112685,252.068538151411,542
"1470",2013-03-25,16266,4597,93166,272.272162793557,463
"1471",2013-03-26,14138,3725,81997,270.922973546471,416
"1472",2013-03-27,13737,3743,80083,283.839266215331,439
"1473",2013-03-28,15132,4117,85905,266.924200370077,451
"1474",2013-03-29,14430,4100,80156,256.945322245322,417
"1475",2013-03-30,11985,3484,69854,266.747267417605,340
"1476",2013-03-31,11717,3629,67798,259.734232312025,320
"1477",2013-04-01,16460,4742,92317,276.226366950182,445
"1478",2013-04-02,16380,4850,89201,247.550488400488,411
"1479",2013-04-03,18088,5426,98854,256.959088898717,508
"1480",2013-04-04,19495,6272,105835,249.066529879456,548
"1481",2013-04-05,17730,5916,92835,234.628764805415,455
"1482",2013-04-06,15712,5665,81755,237.876209266802,397
"1483",2013-04-07,18050,6527,95202,242.131246537396,409
"1484",2013-04-08,19094,6519,100020,231.479469990573,448
"1485",2013-04-09,17491,5593,93909,222.956834943685,388
"1486",2013-04-10,17119,4990,96319,268.324551667738,524
"1487",2013-04-11,16557,4962,92638,274.242556018602,471
"1488",2013-04-12,18032,5384,97635,268.664651730257,441
"1489",2013-04-13,15800,4946,85918,245.190506329114,386
"1490",2013-04-14,17745,5690,96233,244.89349112426,450
"1491",2013-04-15,19462,5890,101836,249.413472407769,441
"1492",2013-04-16,17489,5412,92257,252.459717536737,438
"1493",2013-04-17,16539,4769,92792,262.930225527541,458
"1494",2013-04-18,20063,6344,106869,247.874744554653,556
"1495",2013-04-19,16868,5122,88901,246.287289542329,470
"1496",2013-04-20,15365,4767,83478,253.048551903677,413
"1497",2013-04-21,17502,5506,98015,250.378413895555,385
"1498",2013-04-22,18358,5463,99065,246.299215600828,479
"1499",2013-04-23,16362,4851,92278,255.708959784867,436
"1500",2013-04-24,16800,5047,93540,253.896369047619,396
"1501",2013-04-25,17802,5542,94074,242.241040332547,425
"1502",2013-04-26,16547,4976,88646,243.499909349127,389
"1503",2013-04-27,15478,4684,85525,263.985721669466,398
"1504",2013-04-28,17394,5461,97436,248.456996665517,443
"1505",2013-04-29,18507,5780,100138,248.021559409953,436
"1506",2013-04-30,17559,5299,94495,249.594680790478,418
"1507",2013-05-01,17934,5308,92344,243.270659083305,404
"1508",2013-05-02,19715,6111,100662,249.349125031702,436
"1509",2013-05-03,18078,5654,90873,237.668879300808,367
"1510",2013-05-04,15654,4940,83714,250.785038967676,358
"1511",2013-05-05,17198,5528,94244,244.521746714734,386
"1512",2013-05-06,18576,6067,98567,240.774440137812,424
"1513",2013-05-07,15954,5144,83846,249.199135013163,397
"1514",2013-05-08,16217,5087,87663,249.425787753592,437
"1515",2013-05-09,18856,5992,100573,240.937208315655,451
"1516",2013-05-10,18110,5530,98728,268.711043622308,446
"1517",2013-05-11,15606,4914,86337,275.185697808535,364
"1518",2013-05-12,14639,4828,81402,257.487669922809,340
"1519",2013-05-13,19097,5882,105693,250.261664135728,439
"1520",2013-05-14,17555,5491,96748,250.46704642552,401
"1521",2013-05-15,18924,5730,103112,254.960103572183,479
"1522",2013-05-16,21523,6999,115213,249.5987083585,490
"1523",2013-05-17,19052,5956,101297,249.005406256561,461
"1524",2013-05-18,16171,5029,90902,278.021891039515,450
"1525",2013-05-19,17900,5558,102583,257.08094972067,399
"1526",2013-05-20,18613,5617,102893,267.07419545479,445
"1527",2013-05-21,17507,5523,98241,274.469583595133,530
"1528",2013-05-22,18545,5657,104194,263.925802102993,569
"1529",2013-05-23,18672,5460,106746,269.297718508997,546
"1530",2013-05-24,19954,5841,113671,281.183321639771,548
"1531",2013-05-25,19796,5809,115201,276.154677712669,539
"1532",2013-05-26,20288,6312,117287,262.052247634069,505
"1533",2013-05-27,22175,6883,126438,267.920811724915,524
"1534",2013-05-28,18337,5745,102135,263.212193924851,444
"1535",2013-05-29,16384,4875,96294,276.299377441406,574
"1536",2013-05-30,16808,4921,99039,274.117979533555,576
"1537",2013-05-31,20048,6602,106057,235.846219074222,337
"1538",2013-06-01,16993,5387,92757,247.34773141882,24
"1539",2013-06-02,18291,5741,106897,265.444754250724,522
"1540",2013-06-03,19477,5937,109318,255.060173538019,520
"1541",2013-06-04,17755,5380,101821,262.908025908195,499
"1542",2013-06-05,17886,5384,101244,260.625293525663,525
"1543",2013-06-06,17833,5456,1e+05,254.349015869456,488
"1544",2013-06-07,18576,5748,101714,250.23508828596,449
"1545",2013-06-08,16890,5405,95501,252.077915926584,455
"1546",2013-06-09,18475,6008,108448,252.937699594046,447
"1547",2013-06-10,20799,6459,115210,244.097168133083,493
"1548",2013-06-11,18545,5922,101540,241.592882178485,458
"1549",2013-06-12,18422,5798,103453,253.025730105309,497
"1550",2013-06-13,22158,7054,117997,242.092788157776,585
"1551",2013-06-14,20965,6264,111296,249.774672072502,112
"1552",2013-06-15,18519,5967,99234,246.151952049247,255
"1553",2013-06-16,17243,5769,94123,241.863306849156,418
"1554",2013-06-17,20183,6566,106077,241.293266610514,508
"1555",2013-06-18,18705,5995,101636,257.866613205025,454
"1556",2013-06-19,18954,6054,103724,252.741321093173,506
"1557",2013-06-20,20105,6413,109086,243.421536931112,501
"1558",2013-06-21,19302,6070,102867,251.221272407004,491
"1559",2013-06-22,17763,5750,98405,255.703822552497,506
"1560",2013-06-23,19557,6369,111354,254.771437337015,493
"1561",2013-06-24,21575,6567,124793,275.035550405562,836
"1562",2013-06-25,20683,6087,125320,289.9159696369,813
"1563",2013-06-26,19583,5748,117722,283.0696522494,779
"1564",2013-06-27,23136,6914,132693,265.931059820194,718
"1565",2013-06-28,20688,6244,117641,262.854311678268,604
"1566",2013-06-29,18547,5478,110635,272.185852159379,568
"1567",2013-06-30,19776,6309,116713,265.49135315534,529
"1568",2013-07-01,22538,7116,123516,248.150989440057,579
"1569",2013-07-02,23327,7964,125551,244.686157671368,641
"1570",2013-07-03,26312,9380,133171,226.395865004561,605
"1571",2013-07-04,24035,8383,126182,239.099105471188,503
"1572",2013-07-05,23946,7708,129947,268.892716946463,620
"1573",2013-07-06,20808,7056,116709,258.97693194925,561
"1574",2013-07-07,20740,6710,121978,265.445853423337,600
"1575",2013-07-08,22089,7249,120903,240.783647969578,587
"1576",2013-07-09,19711,6816,107180,236.475115417787,522
"1577",2013-07-10,20609,6937,113773,251.252656606337,578
"1578",2013-07-11,20648,6754,115357,255.873014335529,579
"1579",2013-07-12,20761,6672,115311,262.065362940128,571
"1580",2013-07-13,21493,7551,120121,249.86539803657,628
"1581",2013-07-14,20694,6794,121478,267.01556006572,609
"1582",2013-07-15,23043,7688,127774,246.208262813002,592
"1583",2013-07-16,20806,6881,113928,249.033644141113,535
"1584",2013-07-17,20265,6477,113386,259.362792992845,567
"1585",2013-07-18,20536,6893,113369,253.772350993377,569
"1586",2013-07-19,21652,7207,115048,243.192545723259,496
"1587",2013-07-20,20704,6707,119126,271.318440880989,632
"1588",2013-07-21,21975,7264,126052,250.229715585893,569
"1589",2013-07-22,22093,7327,121732,252.012809487168,543
"1590",2013-07-23,20464,6756,115659,258.223954261142,517
"1591",2013-07-24,20067,6578,115981,270.409827079284,552
"1592",2013-07-25,22086,7004,126825,262.085076519062,635
"1593",2013-07-26,22704,7356,125527,254.325184989429,608
"1594",2013-07-27,22027,7207,127588,266.303672765243,630
"1595",2013-07-28,22054,7248,131350,267.813729935613,547
"1596",2013-07-29,18102,5659,107529,310.487901889294,476
"1597",2013-07-30,16028,4799,98940,306.443848265535,508
"1598",2013-07-31,16747,4835,101267,298.58458231325,563
"1599",2013-08-01,20034,6421,112822,267.513277428372,548
"1600",2013-08-02,22229,7512,119486,253.329929371542,527
"1601",2013-08-03,20196,6864,114444,262.440433749257,581
"1602",2013-08-04,21863,7122,129375,276.777066276357,593
"1603",2013-08-05,22952,7412,135262,270.470852213315,566
"1604",2013-08-06,19738,6222,116564,287.822829060695,500
"1605",2013-08-07,20115,6135,121536,306.650758140691,596
"1606",2013-08-08,20526,6188,124801,308.348387411088,685
"1607",2013-08-09,22806,7230,132586,282.229062527405,711
"1608",2013-08-10,20595,6427,126874,302.043262927895,718
"1609",2013-08-11,21889,6723,137052,296.319384165563,709
"1610",2013-08-12,22038,6926,129482,286.542109084309,670
"1611",2013-08-13,19692,6256,118862,295.955870404225,620
"1612",2013-08-14,21674,7682,122410,271.976700193781,680
"1613",2013-08-15,26136,8467,146908,273.508838383838,801
"1614",2013-08-16,24954,9149,133939,255.900416766851,669
"1615",2013-08-17,21869,7225,130934,293.403264895514,779
"1616",2013-08-18,25748,8447,155417,283.433897778468,744
"1617",2013-08-19,25434,8253,145416,277.134701580561,754
"1618",2013-08-20,22003,7004,130105,283.408171612962,701
"1619",2013-08-21,22765,8040,130924,276.129628816165,777
"1620",2013-08-22,25613,10670,132898,239.639440908913,780
"1621",2013-08-23,28631,12412,139530,232.071495930984,745
"1622",2013-08-24,27239,11896,137914,236.016373581996,703
"1623",2013-08-25,31378,14582,154535,221.942252533622,743
"1624",2013-08-26,30913,14860,142187,206.535923397923,657
