dt,product_group,total_visits,total_clicks,adwords_cost,submitted_apps,used_apps,app_used_conv_rate,total_revenue,value_per_visit,value_per_submitted_app,avg_invoice_value
5/1/2013,Brand,2609,2249,526.5500145,99,21,0.2121,79646.47897,30.52758872,804.5098886,3792.689475
5/1/2013,Bing/Yahoo!,1616,0,0,61,7,0.1148,24649.29985,15.25327961,404.0868828,3521.32855
5/1/2013,Furniture,939,923,1404.299992,6,0,0,0,0,0,0
5/1/2013,Electronics,932,932,1194.209989,9,3,0.3333,5343.849934,5.733744564,593.7611037,1781.283311
5/1/2013,Appliances,697,662,824.8099958,9,2,0.2222,9019.669891,12.94070286,1002.185543,4509.834946
5/1/2013,Lawn Equipment,295,301,392.1400046,5,1,0.2,3399.97998,11.52535587,679.9959961,3399.97998
5/1/2013,Bedding,204,208,604.1100057,4,0,0,0,0,0,0
5/1/2013,Competitors,82,90,179.3899963,0,0,0,0,0,0,0
5/1/2013,Finance,36,30,172.5799999,1,0,0,0,0,0,0
5/1/2013,Dynamic Search Ads,3,0,0,0,0,0,0,0,0,0
5/1/2013,Remarketing,2,0,0,0,0,0,0,0,0,0
5/2/2013,Brand,2624,2211,509.9000021,90,15,0.1667,39228.51949,14.9498931,435.8724388,2615.234633
5/2/2013,Bing/Yahoo!,1705,0,0,52,14,0.2692,20548.24969,12.05175935,395.1586478,1467.732121
5/2/2013,Furniture,1088,1063,1630.939996,14,2,0.1429,3889.919922,3.575294046,277.851423,1944.959961
5/2/2013,Electronics,971,984,1342.60001,18,2,0.1111,9133.899963,9.406694092,507.4388869,4566.949982
5/2/2013,Appliances,725,700,948.6299952,15,3,0.2,8759.589874,12.08219293,583.9726583,2919.863291
5/2/2013,Lawn Equipment,286,293,380.2200052,2,0,0,0,0,0,0
5/2/2013,Bedding,154,148,435.1399924,2,0,0,0,0,0,0
5/2/2013,Competitors,138,146,279.0400016,4,0,0,0,0,0,0
5/2/2013,Finance,50,27,153.420002,1,0,0,0,0,0,0
5/2/2013,Dynamic Search Ads,3,0,0,0,0,0,0,0,0,0
5/2/2013,Remarketing,1,0,0,0,0,0,0,0,0,0
5/3/2013,Brand,2582,2115,490.459987,89,28,0.3146,76093.74921,29.47085562,854.9859462,2717.633901
5/3/2013,Bing/Yahoo!,1598,0,0,61,19,0.3115,65434.41928,40.94769667,1072.695398,3443.916804
5/3/2013,Furniture,992,944,1399.939986,12,1,0.0833,819.8799744,0.82649191,68.3233312,819.8799744
5/3/2013,Electronics,852,849,1163.960007,11,0,0,0,0,0,0
5/3/2013,Appliances,581,579,818.6199851,7,2,0.2857,8619.599854,14.83580009,1231.371408,4309.799927
5/3/2013,Lawn Equipment,283,286,377.7300025,3,0,0,0,0,0,0
5/3/2013,Bedding,167,170,535.1899938,1,0,0,0,0,0,0
5/3/2013,Competitors,159,166,293.0700028,2,0,0,0,0,0,0
5/3/2013,Finance,25,17,136.1400013,2,0,0,0,0,0,0
5/3/2013,Dynamic Search Ads,9,0,0,0,0,0,0,0,0,0
5/3/2013,Remarketing,2,0,0,0,0,0,0,0,0,0
5/4/2013,Brand,2332,1910,428.98001,76,39,0.5132,111822.0188,47.95112297,1471.342352,2867.23125
5/4/2013,Bing/Yahoo!,1413,0,0,46,13,0.2826,48221.89964,34.12731751,1048.302166,3709.376895
5/4/2013,Furniture,1083,1062,1583.820018,13,1,0.0769,5570.539932,5.143619513,428.5030717,5570.539932
5/4/2013,Electronics,771,759,1087.290001,10,0,0,0,0,0,0
5/4/2013,Appliances,659,632,850.1299874,13,3,0.2308,6024.539871,9.141942141,463.4261439,2008.179957
5/4/2013,Lawn Equipment,291,305,402.7699942,4,2,0.5,6264.899963,21.52886585,1566.224991,3132.449982
5/4/2013,Bedding,158,150,461.5300007,0,0,0,0,0,0,0
5/4/2013,Competitors,108,119,256.6999989,3,0,0,0,0,0,0
5/4/2013,Finance,16,17,111.8599987,4,1,0.25,3399.959961,212.4974976,849.9899902,3399.959961
5/4/2013,Remarketing,5,0,0,0,0,0,0,0,0,0
5/5/2013,Brand,2501,2035,419.1399931,89,23,0.2584,57249.32936,22.89057551,643.2508917,2489.101276
5/5/2013,Bing/Yahoo!,1516,0,0,47,18,0.383,39148.90967,25.82381904,832.9555249,2174.939426
5/5/2013,Furniture,1214,1177,1737.049973,14,0,0,0,0,0,0
5/5/2013,Electronics,778,775,1091.570002,18,4,0.2222,8129.789856,10.44960136,451.654992,2032.447464
5/5/2013,Appliances,661,629,852.73999,9,4,0.4444,3259.789978,4.931603598,362.1988864,814.9474945
5/5/2013,Lawn Equipment,207,210,279.9500015,2,0,0,0,0,0,0
5/5/2013,Bedding,170,174,527.8000053,1,0,0,0,0,0,0
5/5/2013,Competitors,107,113,223.2699975,4,0,0,0,0,0,0
5/5/2013,Finance,24,22,165.5400066,6,0,0,0,0,0,0
5/5/2013,Remarketing,5,0,0,0,0,0,0,0,0,0
5/5/2013,Dynamic Search Ads,3,0,0,0,0,0,0,0,0,0
5/6/2013,Brand,2554,2149,546.499997,81,16,0.1975,29984.17974,11.74008604,370.1750585,1874.011233
5/6/2013,Bing/Yahoo!,1629,0,0,61,7,0.1148,14809.54986,9.09119083,242.7795059,2115.64998
5/6/2013,Furniture,958,948,1407.920003,14,1,0.0714,4344.879929,4.53536527,310.3485663,4344.879929
5/6/2013,Electronics,757,763,1077.140004,12,3,0.25,5414.879929,7.153077845,451.239994,1804.959976
5/6/2013,Appliances,633,596,799.9700077,6,0,0,0,0,0,0
5/6/2013,Competitors,508,569,866.169979,7,1,0.1429,1599.97998,3.149566891,228.5685686,1599.97998
5/6/2013,Lawn Equipment,181,185,249.2299982,3,0,0,0,0,0,0
5/6/2013,Bedding,148,150,465.8899963,1,0,0,0,0,0,0
5/6/2013,Finance,31,31,219.8299971,3,0,0,0,0,0,0
5/6/2013,Dynamic Search Ads,6,0,0,0,0,0,0,0,0,0
5/6/2013,Remarketing,2,0,0,0,0,0,0,0,0,0
5/7/2013,Brand,2381,1931,479.5899879,69,11,0.1594,28266.83972,11.87183525,409.6643438,2569.712702
5/7/2013,Bing/Yahoo!,1503,0,0,49,6,0.1224,10927.42982,7.270412385,223.0087717,1821.238303
5/7/2013,Furniture,933,904,1386.459989,14,2,0.1429,10663.77994,11.42956049,761.6985671,5331.88997
5/7/2013,Appliances,578,567,792.2399972,10,0,0,0,0,0,0
5/7/2013,Electronics,413,381,574.2799937,12,1,0.0833,909.9799805,2.203341357,75.83166504,909.9799805
5/7/2013,Competitors,259,257,434.4899985,5,0,0,0,0,0,0
5/7/2013,Lawn Equipment,124,116,145.4900026,0,0,0,0,0,0,0
5/7/2013,Bedding,48,39,106.6600006,0,0,0,0,0,0,0
5/7/2013,Finance,24,26,239.090004,1,0,0,0,0,0,0
5/7/2013,Dynamic Search Ads,2,0,0,0,0,0,0,0,0,0
5/7/2013,Remarketing,2,0,0,0,0,0,0,0,0,0
5/8/2013,Brand,2620,2210,481.7500115,104,11,0.1058,11947.65991,4.56017554,114.8813453,1086.150901
5/8/2013,Bing/Yahoo!,1667,0,0,40,9,0.225,13935.50983,8.359633969,348.3877457,1548.389981
5/8/2013,Furniture,1015,952,1382.019984,9,0,0,0,0,0,0
5/8/2013,Appliances,516,522,715.3400054,9,1,0.1111,199.9900055,0.38757753,22.22111172,199.9900055
5/8/2013,Electronics,314,300,411.749997,10,2,0.2,859.9400024,2.738662428,85.99400024,429.9700012
5/8/2013,Competitors,161,177,320.8800042,4,1,0.25,984.9799957,6.117888172,246.2449989,984.9799957
5/8/2013,Lawn Equipment,107,115,154.5699989,5,2,0.4,4599.97998,42.99046711,919.9959961,2299.98999
5/8/2013,Bedding,29,25,39.10000131,0,0,0,0,0,0,0
5/8/2013,Finance,28,32,261.9800041,3,0,0,0,0,0,0
5/8/2013,Dynamic Search Ads,4,0,0,0,0,0,0,0,0,0
5/8/2013,Remarketing,1,0,0,0,0,0,0,0,0,0
5/9/2013,Brand,2599,2118,490.8299981,79,13,0.1646,25019.14979,9.6264524,316.6980986,1924.549984
5/9/2013,Bing/Yahoo!,1723,0,0,50,7,0.14,11774.73989,6.833859486,235.4947979,1682.105699
5/9/2013,Furniture,839,816,1224.619992,6,0,0,0,0,0,0
5/9/2013,Appliances,530,517,726.619996,10,0,0,0,0,0,0
5/9/2013,Electronics,333,312,455.2500051,13,0,0,0,0,0,0
5/9/2013,Competitors,120,117,223.8600008,2,0,0,0,0,0,0
5/9/2013,Lawn Equipment,110,114,160.2399987,1,0,0,0,0,0,0
5/9/2013,Bedding,27,23,56.88999939,0,0,0,0,0,0,0
5/9/2013,Finance,25,28,201.8000016,2,1,0.5,3929.779984,157.1911993,1964.889992,3929.779984
5/9/2013,Remarketing,4,0,0,1,0,0,0,0,0,0
5/9/2013,Dynamic Search Ads,4,0,0,0,0,0,0,0,0,0
5/10/2013,Brand,2371,1914,530.7400003,84,22,0.2619,38109.40945,16.07313769,453.6834459,1732.245884
5/10/2013,Bing/Yahoo!,1664,0,0,50,8,0.16,22399.53975,13.46126187,447.990795,2799.942469
5/10/2013,Furniture,852,816,1245.829991,16,2,0.125,6899.919922,8.098497561,431.2449951,3449.959961
5/10/2013,Appliances,502,464,638.5800093,4,1,0.25,4100.839951,8.169003886,1025.209988,4100.839951
5/10/2013,Electronics,327,300,439.8400014,6,5,0.8333,4621.659924,14.13351659,770.2766539,924.3319847
5/10/2013,Competitors,135,131,243.3199981,0,0,0,0,0,0,0
5/10/2013,Lawn Equipment,120,129,160.8899992,1,0,0,0,0,0,0
5/10/2013,Finance,32,31,211.3199978,1,0,0,0,0,0,0
5/10/2013,Bedding,25,25,41.72000051,1,0,0,0,0,0,0
5/10/2013,Remarketing,2,0,0,0,0,0,0,0,0,0
5/10/2013,Dynamic Search Ads,2,0,0,0,0,0,0,0,0,0
5/11/2013,Brand,2149,1738,485.6500041,96,27,0.2813,56999.12946,26.52355955,593.7409319,2111.078869
5/11/2013,Bing/Yahoo!,1471,0,0,45,12,0.2667,14048.43985,9.550265024,312.1875522,1170.703321
5/11/2013,Furniture,919,871,1318.91,12,3,0.25,5034.669901,5.47842209,419.5558251,1678.2233
5/11/2013,Appliances,536,507,669.2599976,5,1,0.2,919.8899994,1.716212685,183.9779999,919.8899994
5/11/2013,Electronics,324,321,444.3999986,5,1,0.2,3499.940002,10.80228396,699.9880005,3499.940002
5/11/2013,Competitors,121,128,242.4000034,6,0,0,0,0,0,0
5/11/2013,Lawn Equipment,107,114,155.0199979,3,2,0.6667,5899.880005,55.13906547,1966.626668,2949.940002
5/11/2013,Finance,33,33,224.4699993,4,1,0.25,849.9799805,25.75696911,212.4949951,849.9799805
5/11/2013,Bedding,31,26,57.23999821,2,1,0.5,2953.609997,95.27774183,1476.804998,2953.609997
5/11/2013,Dynamic Search Ads,4,0,0,0,1,0,5684.899944,1421.224986,0,5684.899944
5/12/2013,Brand,1975,1538,413.3700013,63,16,0.254,33672.37971,17.04930618,534.4822176,2104.523732
5/12/2013,Bing/Yahoo!,1276,0,0,25,17,0.68,32489.15958,25.46172381,1299.566383,1911.127034
5/12/2013,Furniture,858,824,1240.13998,16,2,0.125,799.9599915,0.932354302,49.99749947,399.9799957
5/12/2013,Appliances,488,457,635.150005,6,5,0.8333,10959.25986,22.45749971,1826.54331,2191.851971
5/12/2013,Electronics,331,299,398.5200051,4,2,0.5,4059.919937,12.26561915,1014.979984,2029.959969
5/12/2013,Lawn Equipment,112,121,154.029999,1,0,0,0,0,0,0
5/12/2013,Competitors,110,109,207.2099967,3,1,0.3333,2924.969971,26.5906361,974.9899902,2924.969971
5/12/2013,Finance,40,38,257.8999946,3,2,0.6667,3379.819916,84.49549789,1126.606639,1689.909958
5/12/2013,Bedding,21,19,40.92999983,0,0,0,0,0,0,0
5/12/2013,Dynamic Search Ads,6,0,0,0,0,0,0,0,0,0
5/13/2013,Brand,2348,1913,614.899995,85,15,0.1765,23699.1898,10.09335171,278.8139977,1579.945987
5/13/2013,Bing/Yahoo!,1729,0,0,49,11,0.2245,24306.2597,14.0579871,496.0461163,2209.659973
5/13/2013,Furniture,1033,997,1513.439996,17,1,0.0588,4419.899933,4.278702742,259.9941137,4419.899933
5/13/2013,Appliances,669,652,929.1500176,9,1,0.1111,2859.820007,4.274768322,317.7577786,2859.820007
5/13/2013,Electronics,572,575,820.5799975,8,0,0,0,0,0,0
5/13/2013,Competitors,138,148,268.6999969,0,0,0,0,0,0,0
5/13/2013,Lawn Equipment,128,130,165.6600002,1,0,0,0,0,0,0
5/13/2013,Finance,43,38,309.8999968,4,0,0,0,0,0,0
5/13/2013,Bedding,17,17,37.87999988,1,0,0,0,0,0,0
5/13/2013,Dynamic Search Ads,6,0,0,0,0,0,0,0,0,0
5/13/2013,Remarketing,2,0,0,0,0,0,0,0,0,0
5/14/2013,Brand,2356,1930,602.3499854,76,17,0.2237,34750.22964,14.74967302,457.2398637,2044.131156
5/14/2013,Bing/Yahoo!,1611,0,0,36,5,0.1389,5479.799957,3.401489731,152.2166655,1095.959991
5/14/2013,Furniture,953,909,1392.579996,14,0,0,0,0,0,0
5/14/2013,Appliances,646,606,812.7899921,12,3,0.25,3039.899963,4.705727497,253.3249969,1013.299988
5/14/2013,Electronics,614,599,886.1399931,9,1,0.1111,2099.98999,3.420179137,233.3322211,2099.98999
5/14/2013,Lawn Equipment,171,173,223.5799999,6,0,0,0,0,0,0
5/14/2013,Competitors,165,178,313.8800021,5,0,0,0,0,0,0
5/14/2013,Finance,43,38,314.3599968,2,0,0,0,0,0,0
5/14/2013,Bedding,31,23,53.20999955,0,0,0,0,0,0,0
5/14/2013,Remarketing,2,0,0,0,0,0,0,0,0,0
5/15/2013,Brand,2735,2246,603.7600022,114,20,0.1754,40852.45972,14.93691397,358.3549098,2042.622986
5/15/2013,Bing/Yahoo!,1682,0,0,46,8,0.1739,19879.40975,11.81891186,432.1610814,2484.926218
5/15/2013,Furniture,1042,979,1476.280004,12,2,0.1667,4029.71991,3.867293579,335.8099925,2014.859955
5/15/2013,Appliances,676,642,793.7000116,12,2,0.1667,2759.70993,4.08241114,229.9758275,1379.854965
5/15/2013,Electronics,654,653,909.2099955,11,2,0.1818,2929.71994,4.479694098,266.3381764,1464.85997
5/15/2013,Competitors,159,150,262.9999993,2,1,0.5,3849.98999,24.21377352,1924.994995,3849.98999
5/15/2013,Lawn Equipment,139,147,198.3999981,1,0,0,0,0,0,0
5/15/2013,Bedding,34,25,58.93999922,1,1,1,1599.97998,47.05823472,1599.97998,1599.97998
5/15/2013,Finance,31,27,176.1500034,5,0,0,0,0,0,0
5/15/2013,Dynamic Search Ads,4,0,0,0,0,0,0,0,0,0
5/15/2013,Remarketing,3,0,0,0,0,0,0,0,0,0
5/16/2013,Brand,2591,2147,604.7900036,83,16,0.1928,30638.03968,11.82479339,369.1330082,1914.87748
5/16/2013,Bing/Yahoo!,1668,0,0,54,9,0.1667,20223.29979,12.12428045,374.5055517,2247.03331
5/16/2013,Furniture,989,928,1353.579996,19,2,0.1053,3309.899986,3.346713838,174.2052624,1654.949993
5/16/2013,Appliances,625,582,773.9,10,2,0.2,4369.819916,6.991711865,436.9819916,2184.909958
5/16/2013,Electronics,552,528,769.4500019,11,0,0,0,0,0,0
5/16/2013,Lawn Equipment,161,160,214.6299978,2,1,0.5,2229.919998,13.85043477,1114.959999,2229.919998
5/16/2013,Competitors,146,143,246.3599972,4,0,0,0,0,0,0
5/16/2013,Finance,32,36,291.0000038,3,0,0,0,0,0,0
5/16/2013,Bedding,29,34,113.6100001,2,1,0.5,3116.939972,107.4806887,1558.469986,3116.939972
5/16/2013,Dynamic Search Ads,2,0,0,0,0,0,0,0,0,0
5/16/2013,Remarketing,2,0,0,0,0,0,0,0,0,0
5/17/2013,Brand,2604,2086,499.6999989,111,28,0.2523,61479.08011,23.60947777,553.8655866,2195.681433
5/17/2013,Bing/Yahoo!,1672,0,0,52,15,0.2885,24336.14984,14.55511354,468.0028815,1622.409989
5/17/2013,Furniture,941,884,1318.82998,15,2,0.1333,1309.919998,1.392051008,87.32799988,654.9599991
5/17/2013,Electronics,601,569,741.0799994,9,4,0.4444,6059.859924,10.0829616,673.3177694,1514.964981
5/17/2013,Appliances,569,522,677.0499989,12,1,0.0833,1829.899956,3.215992892,152.491663,1829.899956
5/17/2013,Competitors,140,133,230.0000007,5,1,0.2,2949.940002,21.07100002,589.9880005,2949.940002
5/17/2013,Lawn Equipment,128,123,151.2299986,1,4,4,7354.820007,57.45953131,7354.820007,1838.705002
5/17/2013,Bedding,30,29,63.96000049,0,0,0,0,0,0,0
5/17/2013,Finance,25,19,139.5099986,3,0,0,0,0,0,0
5/17/2013,Remarketing,5,0,0,0,0,0,0,0,0,0
5/17/2013,Dynamic Search Ads,2,0,0,0,0,0,0,0,0,0
5/18/2013,Brand,2431,1954,471.5699902,102,26,0.2549,52072.65942,21.42026303,510.5162688,2002.794593
5/18/2013,Bing/Yahoo!,1495,0,0,66,18,0.2727,45162.53952,30.20905654,684.2809019,2509.029974
5/18/2013,Furniture,976,943,1375.22999,14,2,0.1429,4949.929947,5.071649536,353.5664248,2474.964973
5/18/2013,Electronics,635,612,849.8999965,5,3,0.6,6559.839905,10.33045654,1311.967981,2186.613302
5/18/2013,Appliances,629,585,709.7799989,9,2,0.2222,6698.819931,10.6499522,744.3133257,3349.409966
5/18/2013,Lawn Equipment,162,163,218.8099962,3,1,0.3333,6889.899979,42.53024678,2296.633326,6889.899979
5/18/2013,Competitors,133,139,253.3000022,0,1,0,849.9899902,6.390902182,0,849.9899902
5/18/2013,Bedding,38,29,149.7600006,0,0,0,0,0,0,0
5/18/2013,Finance,33,32,233.2199976,5,0,0,0,0,0,0
5/18/2013,Remarketing,2,0,0,0,0,0,0,0,0,0
5/18/2013,Dynamic Search Ads,1,0,0,0,0,0,0,0,0,0
5/19/2013,Brand,2528,2016,415.3599952,102,34,0.3333,75207.32902,29.74973458,737.3267551,2211.980265
5/19/2013,Bing/Yahoo!,1638,0,0,46,13,0.2826,22968.8998,14.02252735,499.3239086,1766.838446
5/19/2013,Furniture,1156,1108,1618.890011,14,6,0.4286,14638.47982,12.66304483,1045.605702,2439.746637
5/19/2013,Appliances,681,610,778.640002,14,0,0,0,0,0,0
5/19/2013,Electronics,677,656,903.1399982,9,3,0.3333,4554.909943,6.728079679,506.1011047,1518.303314
5/19/2013,Lawn Equipment,199,202,259.3999981,1,0,0,0,0,0,0
5/19/2013,Competitors,118,124,215.9999977,2,1,0.5,1749.979996,14.83033895,874.9899979,1749.979996
5/19/2013,Bedding,33,27,73.209999,0,0,0,0,0,0,0
5/19/2013,Finance,30,32,212.3699961,2,1,0.5,1299.98999,43.33299967,649.9949951,1299.98999
5/19/2013,Dynamic Search Ads,8,0,0,1,0,0,0,0,0,0
5/19/2013,Remarketing,3,0,0,0,0,0,0,0,0,0
5/20/2013,Brand,2748,2252,573.9099983,96,13,0.1354,24449.19971,8.897088687,254.6791637,1880.70767
5/20/2013,Bing/Yahoo!,1716,0,0,57,9,0.1579,12672.64989,7.384994111,222.3271911,1408.072211
5/20/2013,Furniture,1036,974,1468.609986,11,4,0.3636,6929.720093,6.688919008,629.9745539,1732.430023
5/20/2013,Appliances,564,535,718.0199966,11,1,0.0909,2219.679962,3.93560277,201.7890875,2219.679962
5/20/2013,Electronics,554,543,753.9800011,11,1,0.0909,1799.98999,3.249079405,163.6354537,1799.98999
5/20/2013,Lawn Equipment,154,153,200.0199999,1,0,0,0,0,0,0
5/20/2013,Competitors,107,113,205.9999996,3,0,0,0,0,0,0
5/20/2013,Finance,42,39,369.2700043,3,0,0,0,0,0,0
5/20/2013,Bedding,39,42,106.8799973,0,0,0,0,0,0,0
5/20/2013,Dynamic Search Ads,5,0,0,1,0,0,0,0,0,0
5/20/2013,Remarketing,1,0,0,0,0,0,0,0,0,0
5/21/2013,Brand,2423,2024,463.9100058,104,13,0.125,21914.1697,9.044230168,210.7131702,1685.705361
5/21/2013,Bing/Yahoo!,1789,0,0,68,5,0.0735,9909.539852,5.539150281,145.7285272,1981.90797
5/21/2013,Furniture,1004,936,1426.310008,23,3,0.1304,10589.8199,10.54762939,460.4269524,3529.939968
5/21/2013,Electronics,604,598,810.2800012,6,1,0.1667,2599.819946,4.304337659,433.3033244,2599.819946
5/21/2013,Appliances,594,553,743.9800085,15,1,0.0667,579.9699936,0.976380461,38.66466624,579.9699936
5/21/2013,Lawn Equipment,154,163,215.6499944,3,0,0,0,0,0,0
5/21/2013,Competitors,104,104,195.0199991,1,1,1,1199.98999,11.53836529,1199.98999,1199.98999
5/21/2013,Bedding,47,48,118.6900007,2,0,0,0,0,0,0
5/21/2013,Finance,34,24,179.8400002,6,0,0,0,0,0,0
5/21/2013,Remarketing,3,0,0,0,0,0,0,0,0,0
5/21/2013,Dynamic Search Ads,2,0,0,0,0,0,0,0,0,0
5/22/2013,Brand,2663,2229,593.1799903,107,25,0.2336,40463.42953,15.19467876,378.1628928,1618.537181
5/22/2013,Bing/Yahoo!,1968,0,0,73,13,0.1781,21977.36987,11.16736274,301.0598612,1690.566913
5/22/2013,Furniture,994,931,1393.890005,18,4,0.2222,8633.489969,8.685603591,479.6383316,2158.372492
5/22/2013,Electronics,653,646,892.1500047,11,0,0,0,0,0,0
5/22/2013,Appliances,630,580,752.6999872,20,4,0.2,7613.729883,12.08528553,380.6864942,1903.432471
5/22/2013,Lawn Equipment,181,186,246.3300016,2,1,0.5,1119.939987,6.187513741,559.9699936,1119.939987
5/22/2013,Competitors,152,149,295.1699948,7,0,0,0,0,0,0
5/22/2013,Bedding,65,60,159.0000008,1,0,0,0,0,0,0
5/22/2013,Finance,39,33,224.0000019,6,0,0,0,0,0,0
5/22/2013,Dynamic Search Ads,7,0,0,0,0,0,0,0,0,0
5/22/2013,Remarketing,1,0,0,0,0,0,0,0,0,0
5/23/2013,Brand,2783,2320,545.3500162,119,20,0.1681,38633.86949,13.88209468,324.6543655,1931.693475
5/23/2013,Bing/Yahoo!,1943,0,0,67,9,0.1343,41277.19958,21.24405537,616.0776057,4586.355509
5/23/2013,Furniture,1042,978,1459.699973,24,3,0.125,7249.729919,6.957514318,302.07208,2416.57664
5/23/2013,Appliances,634,615,773.7700118,11,3,0.2727,5468.789948,8.625851652,497.1627225,1822.929983
5/23/2013,Electronics,627,606,850.7299973,10,1,0.1,1749.969986,2.791020711,174.9969986,1749.969986
5/23/2013,Lawn Equipment,159,168,204.2700011,3,2,0.6667,4249.919998,26.72905659,1416.639999,2124.959999
5/23/2013,Competitors,125,133,250.8099977,3,0,0,0,0,0,0
5/23/2013,Bedding,55,53,150.1999968,0,0,0,0,0,0,0
5/23/2013,Finance,30,30,204.4199982,4,2,0.5,4664.819931,155.4939977,1166.204983,2332.409966
5/23/2013,Dynamic Search Ads,6,0,0,0,0,0,0,0,0,0
5/23/2013,Remarketing,2,0,0,0,0,0,0,0,0,0
5/24/2013,Brand,3066,2541,580.2400074,129,19,0.1473,34278.80962,11.1803032,265.7272064,1804.147875
5/24/2013,Bing/Yahoo!,2056,0,0,66,13,0.197,31928.96964,15.52965449,483.7722673,2456.074588
5/24/2013,Furniture,993,920,1327.299977,15,3,0.2,4011.859919,4.040140905,267.4573279,1337.28664
5/24/2013,Electronics,680,662,964.3300039,14,2,0.1429,1929.959976,2.838176436,137.854284,964.9799881
5/24/2013,Appliances,634,604,752.3400106,10,1,0.1,599.9799805,0.946340663,59.99799805,599.9799805
5/24/2013,Lawn Equipment,140,150,191.7399984,1,1,1,2399.940002,17.14242859,2399.940002,2399.940002
5/24/2013,Competitors,118,117,226.7399997,2,0,0,0,0,0,0
5/24/2013,Bedding,58,58,184.2499977,1,0,0,0,0,0,0
5/24/2013,Finance,29,26,238.7500005,3,0,0,0,0,0,0
5/24/2013,Dynamic Search Ads,4,0,0,0,0,0,0,0,0,0
5/24/2013,Remarketing,2,0,0,0,0,0,0,0,0,0
5/25/2013,Brand,3142,2650,621.1100104,150,50,0.3333,117933.6888,37.53459225,786.2245923,2358.673777
5/25/2013,Bing/Yahoo!,2068,0,0,65,12,0.1846,33914.05975,16.39944862,521.7547654,2826.171646
5/25/2013,Furniture,1164,1096,1588.449999,14,8,0.5714,18809.51978,16.15938125,1343.537127,2351.189972
5/25/2013,Appliances,846,765,998.6999964,13,10,0.7692,19344.28988,22.86559087,1488.022298,1934.428988
5/25/2013,Electronics,716,691,990.3200015,7,3,0.4286,15896.84985,22.20230426,2270.978551,5298.949951
5/25/2013,Lawn Equipment,173,175,222.5099975,3,2,0.6667,5999.919983,34.6816184,1999.973328,2999.959991
5/25/2013,Competitors,139,134,252.1999987,7,0,0,0,0,0,0
5/25/2013,Bedding,63,58,151.8599967,0,0,0,0,0,0,0
5/25/2013,Finance,47,36,281.4500027,7,0,0,0,0,0,0
5/25/2013,Dynamic Search Ads,3,0,0,0,0,0,0,0,0,0
5/26/2013,Brand,2990,2427,543.8000061,104,42,0.4038,89957.94909,30.0862706,864.9802797,2141.855931
5/26/2013,Bing/Yahoo!,1871,0,0,54,29,0.537,69798.95927,37.3056971,1292.57332,2406.860665
5/26/2013,Furniture,1237,1164,1662.559993,10,3,0.3,3199.909958,2.586831009,319.9909958,1066.636653
5/26/2013,Electronics,712,678,958.889997,11,3,0.2727,3149.909954,4.424030834,286.3554504,1049.969985
5/26/2013,Appliances,711,657,815.8000161,15,6,0.4,13203.71991,18.57063278,880.2479937,2200.619984
5/26/2013,Lawn Equipment,166,163,208.1599988,2,1,0.5,3499.940002,21.08397592,1749.970001,3499.940002
5/26/2013,Competitors,125,143,278.9599992,1,0,0,0,0,0,0
5/26/2013,Bedding,55,54,159.3899985,1,2,2,4279.759979,77.8138178,4279.759979,2139.87999
5/26/2013,Finance,25,23,178.909996,3,0,0,0,0,0,0
5/26/2013,Remarketing,7,0,0,0,0,0,0,0,0,0
5/26/2013,Dynamic Search Ads,6,0,0,0,0,0,0,0,0,0
5/27/2013,Brand,3283,2693,667.6600049,109,23,0.211,40528.17962,12.34486129,371.8181616,1762.094766
5/27/2013,Bing/Yahoo!,2125,0,0,48,8,0.1667,25358.33969,11.93333633,528.2987436,3169.792461
5/27/2013,Furniture,1293,1225,1743.809997,16,4,0.25,9599.519892,7.424222654,599.9699932,2399.879973
5/27/2013,Electronics,870,827,1099.71,14,2,0.1429,7239.90992,8.32173554,517.1364228,3619.95496
5/27/2013,Appliances,774,730,864.4199935,15,3,0.2,6669.739929,8.617235051,444.6493286,2223.246643
5/27/2013,Lawn Equipment,192,191,240.6800003,3,2,0.6667,6569.909985,34.21828117,2189.969995,3284.954992
5/27/2013,Competitors,151,152,271.4000002,3,1,0.3333,3499.940002,23.17841061,1166.646667,3499.940002
5/27/2013,Bedding,77,73,157.5699995,0,0,0,0,0,0,0
5/27/2013,Finance,37,32,245.2200012,4,1,0.25,2159.97998,58.37783731,539.9949951,2159.97998
5/27/2013,Dynamic Search Ads,3,0,0,0,0,0,0,0,0,0
5/27/2013,Remarketing,3,0,0,0,0,0,0,0,0,0
5/28/2013,Brand,2511,1996,476.4100009,92,12,0.1304,21280.11975,8.474758961,231.3056495,1773.343313
5/28/2013,Bing/Yahoo!,1950,0,0,63,10,0.1587,20605.34988,10.56684609,327.0690457,2060.534988
5/28/2013,Furniture,850,799,1216.349988,11,1,0.0909,2279.939987,2.682282338,207.2672716,2279.939987
5/28/2013,Electronics,596,538,769.7700048,9,1,0.1111,3423.970001,5.744916109,380.4411112,3423.970001
5/28/2013,Appliances,564,530,676.7299938,11,1,0.0909,1699.98999,3.014166649,154.5445446,1699.98999
5/28/2013,Lawn Equipment,141,142,178.279999,3,0,0,0,0,0,0
5/28/2013,Competitors,106,100,181.5400001,0,0,0,0,0,0,0
5/28/2013,Bedding,54,48,112.67,2,0,0,0,0,0,0
5/28/2013,Finance,28,24,168.1600018,6,0,0,0,0,0,0
5/28/2013,Dynamic Search Ads,3,0,0,0,0,0,0,0,0,0
5/28/2013,Remarketing,1,0,0,0,0,0,0,0,0,0
5/29/2013,Brand,2167,1691,426.8300054,108,15,0.1389,25244.4197,11.6494784,233.7446269,1682.961313
5/29/2013,Bing/Yahoo!,1789,0,0,73,11,0.1507,26937.06977,15.05705409,369.0009557,2448.824524
5/29/2013,Furniture,699,643,1005.999988,11,2,0.1818,6079.889931,8.697982734,552.7172664,3039.944965
5/29/2013,Appliances,472,432,563.5799977,12,4,0.3333,6569.709854,13.91887681,547.4758212,1642.427464
5/29/2013,Electronics,391,358,519.5099986,5,0,0,0,0,0,0
5/29/2013,Lawn Equipment,129,118,143.1500009,2,1,0.5,2499.98999,19.37976737,1249.994995,2499.98999
5/29/2013,Competitors,72,80,154.4000022,1,0,0,0,0,0,0
5/29/2013,Finance,29,26,159.4199944,4,2,0.5,2469.969971,85.1713783,617.4924927,1234.984985
5/29/2013,Bedding,29,24,63.5699985,1,0,0,0,0,0,0
5/29/2013,Remarketing,5,0,0,0,0,0,0,0,0,0
5/29/2013,Dynamic Search Ads,1,0,0,0,0,0,0,0,0,0
5/30/2013,Brand,2147,1723,429.0999927,101,21,0.2079,31133.94967,14.50114097,308.2569274,1482.569032
5/30/2013,Bing/Yahoo!,1944,0,0,70,11,0.1571,20364.37973,10.47550398,290.9197105,1851.307248
5/30/2013,Furniture,702,651,1006,13,4,0.3077,6809.629734,9.700327256,523.8176718,1702.407434
5/30/2013,Appliances,584,531,717.6399969,7,1,0.1429,2109.909958,3.612859517,301.4157083,2109.909958
5/30/2013,Electronics,387,364,531.1799975,8,0,0,0,0,0,0
5/30/2013,Lawn Equipment,121,116,141.0300004,2,0,0,0,0,0,0
5/30/2013,Competitors,74,77,134.0699986,4,0,0,0,0,0,0
5/30/2013,Bedding,28,26,75.69999969,1,0,0,0,0,0,0
5/30/2013,Finance,21,20,194.9300065,6,0,0,0,0,0,0
5/30/2013,Dynamic Search Ads,5,0,0,0,0,0,0,0,0,0
5/31/2013,Brand,2488,2085,481.8900075,61,27,0.4426,61886.93922,24.87417171,1014.539987,2292.10886
5/31/2013,Bing/Yahoo!,1805,0,0,38,8,0.2105,13972.69992,7.741107989,367.7026295,1746.58749
5/31/2013,Furniture,649,589,856.4800092,13,3,0.2308,5749.889961,8.859614732,442.2992278,1916.629987
5/31/2013,Appliances,480,455,612.8200002,4,4,1,7933.73999,16.52862498,1983.434998,1983.434998
5/31/2013,Electronics,369,334,453.2599965,5,3,0.6,3367.789978,9.126802108,673.5579956,1122.596659
5/31/2013,Lawn Equipment,119,118,138.2700012,2,2,1,1769.85997,14.87277286,884.929985,884.929985
5/31/2013,Competitors,81,83,153.510002,1,1,1,898.9799805,11.09851828,898.9799805,898.9799805
5/31/2013,Finance,29,27,145.0699959,3,1,0.3333,819.8799744,28.27172325,273.2933248,819.8799744
5/31/2013,Bedding,18,14,39.02000004,1,1,1,1893.899994,105.2166663,1893.899994,1893.899994
5/31/2013,Dynamic Search Ads,4,0,0,0,0,0,0,0,0,0
5/31/2013,Remarketing,1,0,0,0,0,0,0,0,0,0
6/1/2013,Brand,2514,2020,402.7300047,5,5,1,9449.689898,3.75882653,1889.93798,1889.93798
6/1/2013,Bing/Yahoo!,1782,0,0,1,5,5,11686.43986,6.558047058,11686.43986,2337.287971
6/1/2013,Furniture,710,658,993.4300046,3,2,0.6667,2906.929962,4.094267552,968.9766541,1453.464981
6/1/2013,Appliances,512,481,636.4500049,0,0,0,0,0,0,0
6/1/2013,Electronics,386,347,490.6000017,0,2,0,6514.849892,16.87784946,0,3257.424946
6/1/2013,Lawn Equipment,158,161,198.7400008,0,0,0,0,0,0,0
6/1/2013,Competitors,84,82,150.5200018,0,1,0,1429.959991,17.02333323,0,1429.959991
6/1/2013,Bedding,34,35,87.64999843,0,0,0,0,0,0,0
6/1/2013,Finance,18,14,56.60999966,0,0,0,0,0,0,0
6/1/2013,Dynamic Search Ads,2,0,0,0,0,0,0,0,0,0
6/1/2013,Remarketing,1,0,0,0,0,0,0,0,0,0
6/2/2013,Brand,2635,2096,382.6600073,114,27,0.2368,68518.54936,26.00324454,601.0399067,2537.72405
6/2/2013,Bing/Yahoo!,1908,0,0,57,15,0.2632,42166.59956,22.09989495,739.7649045,2811.106637
6/2/2013,Furniture,810,732,1095.459988,12,3,0.25,8410.799919,10.3837036,700.8999933,2803.599973
6/2/2013,Appliances,582,515,673.6100089,18,1,0.0556,2349.919983,4.037663201,130.5511102,2349.919983
6/2/2013,Electronics,375,347,500.5600001,6,2,0.3333,1288.850006,3.43693335,214.8083344,644.4250031
6/2/2013,Lawn Equipment,112,113,136.4400001,1,0,0,0,0,0,0
6/2/2013,Competitors,103,106,205.5600001,4,1,0.25,2049.97998,19.90271826,512.4949951,2049.97998
6/2/2013,Bedding,43,31,76.31999992,1,0,0,0,0,0,0
6/2/2013,Finance,23,22,190.1500034,1,0,0,0,0,0,0
6/2/2013,Remarketing,2,0,0,0,0,0,0,0,0,0
6/2/2013,Dynamic Search Ads,1,0,0,0,0,0,0,0,0,0
6/3/2013,Brand,2730,2275,513.4800086,92,5,0.0543,5929.689941,2.172047598,64.45315154,1185.937988
6/3/2013,Bing/Yahoo!,2109,0,0,59,10,0.1695,19516.47977,9.253902216,330.7877928,1951.647977
6/3/2013,Furniture,760,696,1039.359996,12,1,0.0833,3239.799965,4.262894691,269.9833304,3239.799965
6/3/2013,Appliances,585,554,702.0000134,9,1,0.1111,3239.799965,5.538119598,359.9777739,3239.799965
6/3/2013,Electronics,396,373,543.0700038,4,0,0,0,0,0,0
6/3/2013,Lawn Equipment,148,150,177.3000017,1,0,0,0,0,0,0
6/3/2013,Competitors,72,78,140.3099996,3,0,0,0,0,0,0
6/3/2013,Bedding,27,25,66.1900011,3,0,0,0,0,0,0
6/3/2013,Finance,16,17,107.3599985,0,0,0,0,0,0,0
6/3/2013,Dynamic Search Ads,4,0,0,0,0,0,0,0,0,0
6/3/2013,Remarketing,2,0,0,0,0,0,0,0,0,0
6/4/2013,Brand,2541,2126,432.7200029,101,18,0.1782,41369.73952,16.28088923,409.6013814,2298.318862
6/4/2013,Bing/Yahoo!,1990,0,0,77,6,0.0779,12859.59984,6.462110471,167.0077901,2143.26664
6/4/2013,Furniture,726,688,996.5099853,11,1,0.0909,3748.939949,5.163829131,340.8127226,3748.939949
6/4/2013,Appliances,524,504,669.2600015,19,2,0.1053,7196.639862,13.73404554,378.7705191,3598.319931
6/4/2013,Electronics,376,354,504.1399981,6,0,0,0,0,0,0
6/4/2013,Lawn Equipment,133,141,162.6399989,1,0,0,0,0,0,0
6/4/2013,Competitors,78,75,145.950002,3,0,0,0,0,0,0
6/4/2013,Bedding,28,24,67.48000012,0,0,0,0,0,0,0
6/4/2013,Finance,17,17,111.1600027,0,0,0,0,0,0,0
6/4/2013,Remarketing,4,0,0,0,0,0,0,0,0,0
6/4/2013,Dynamic Search Ads,1,0,0,0,0,0,0,0,0,0
6/5/2013,Brand,2619,2180,471.8200038,119,24,0.2017,47502.42949,18.13762103,399.1800797,1979.267895
6/5/2013,Bing/Yahoo!,1952,0,0,61,10,0.1639,17255.24975,8.839779586,282.8729468,1725.524975
6/5/2013,Furniture,720,652,1006.699981,8,0,0,0,0,0,0
6/5/2013,Appliances,559,511,728.5000076,12,4,0.3333,11399.59985,20.3928441,949.9666545,2849.899963
6/5/2013,Electronics,403,371,553.2999993,5,1,0.2,1439.969978,3.573126497,287.9939957,1439.969978
6/5/2013,Lawn Equipment,159,155,231.719999,7,0,0,0,0,0,0
6/5/2013,Competitors,77,85,143.2800031,4,1,0.25,1399.939941,18.1810382,349.9849854,1399.939941
6/5/2013,Bedding,20,18,37.32999942,2,0,0,0,0,0,0
6/5/2013,Finance,16,21,124.4699984,1,0,0,0,0,0,0
6/5/2013,Dynamic Search Ads,2,0,0,0,0,0,0,0,0,0
6/6/2013,Brand,2611,2163,543.3099958,127,32,0.252,55161.18925,21.12646084,434.3400729,1723.787164
6/6/2013,Bing/Yahoo!,1876,0,0,66,12,0.1818,25183.08963,13.42382176,381.5619641,2098.590803
6/6/2013,Furniture,758,697,1061.920005,6,1,0.1667,319.9800034,0.422137208,53.33000056,319.9800034
6/6/2013,Appliances,578,532,781.9900048,11,3,0.2727,7959.769867,13.77122814,723.6154424,2653.256622
6/6/2013,Electronics,381,365,543.9799975,7,0,0,0,0,0,0
6/6/2013,Lawn Equipment,134,130,206.3599999,3,2,0.6667,1229.869965,9.178134064,409.9566549,614.9349823
6/6/2013,Competitors,65,70,124.2300003,3,1,0.3333,2099.909912,32.30630634,699.9699707,2099.909912
6/6/2013,Bedding,24,26,65.71000099,1,0,0,0,0,0,0
6/6/2013,Finance,23,21,97.85000229,6,1,0.1667,1094.77002,47.5986965,182.4616699,1094.77002
6/6/2013,Dynamic Search Ads,1,0,0,0,0,0,0,0,0,0
6/6/2013,Remarketing,1,0,0,0,0,0,0,0,0,0
6/7/2013,Brand,2530,2112,594.0799953,95,20,0.2105,43372.79951,17.14339902,456.5557843,2168.639976
6/7/2013,Bing/Yahoo!,1840,0,0,48,10,0.2083,18256.19976,9.921847697,380.337495,1825.619976
6/7/2013,Furniture,781,722,1055.020001,9,3,0.3333,4349.919937,5.569679817,483.3244375,1449.973312
6/7/2013,Appliances,543,477,658.1400003,9,2,0.2222,3884.909952,7.154530299,431.6566614,1942.454976
6/7/2013,Electronics,483,481,660.6000048,10,3,0.3,4314.899944,8.933540257,431.4899944,1438.299981
6/7/2013,Lawn Equipment,127,133,196.8400021,0,0,0,0,0,0,0
6/7/2013,Competitors,86,93,182.5500019,3,1,0.3333,2586.929993,30.08058131,862.3099976,2586.929993
6/7/2013,Bedding,43,40,83.0500008,1,0,0,0,0,0,0
6/7/2013,Finance,26,22,135.9499998,4,1,0.25,9044.85989,347.8792265,2261.214972,9044.85989
6/7/2013,Dynamic Search Ads,4,0,0,0,0,0,0,0,0,0
6/7/2013,Remarketing,2,0,0,0,0,0,0,0,0,0
6/8/2013,Brand,2555,2091,595.0699992,96,28,0.2917,64227.77928,25.13807408,669.0393675,2293.84926
6/8/2013,Bing/Yahoo!,1712,0,0,47,17,0.3617,35933.80971,20.98937483,764.5491428,2113.753513
6/8/2013,Furniture,941,863,1233.809993,14,3,0.2143,5299.829994,5.632125392,378.5592853,1766.609998
6/8/2013,Appliances,638,603,865.589992,17,2,0.1176,5319.879898,8.338369746,312.9341117,2659.939949
6/8/2013,Electronics,548,531,687.9999971,11,9,0.8182,18480.9098,33.72428796,1680.082709,2053.434422
6/8/2013,Lawn Equipment,163,167,263.6899993,1,1,1,499.9399872,3.067116486,499.9399872,499.9399872
6/8/2013,Competitors,125,127,239.0399985,3,1,0.3333,3079.959961,24.63967969,1026.65332,3079.959961
6/8/2013,Bedding,42,42,96.11999902,1,0,0,0,0,0,0
6/8/2013,Finance,20,19,93.99999905,2,0,0,0,0,0,0
6/8/2013,Dynamic Search Ads,2,0,0,0,0,0,0,0,0,0
6/9/2013,Brand,2630,2097,555.5000076,80,26,0.325,50115.04941,19.05515187,626.4381176,1927.5019
6/9/2013,Bing/Yahoo!,1866,0,0,55,18,0.3273,40324.85968,21.61032137,733.1792669,2240.269982
6/9/2013,Furniture,1131,1057,1512.29998,20,2,0.1,8419.829895,7.444588767,420.9914948,4209.914948
6/9/2013,Appliances,694,659,979.3999968,7,2,0.2857,6529.759888,9.408875919,932.8228411,3264.879944
6/9/2013,Electronics,659,635,874.5499925,12,4,0.3333,1969.89996,2.989226039,164.15833,492.4749899
6/9/2013,Lawn Equipment,210,223,364.9699993,4,2,0.5,3819.929993,18.19014282,954.9824982,1909.964996
6/9/2013,Competitors,157,145,287.6600012,4,5,1.25,8286.679939,52.78140089,2071.669985,1657.335988
6/9/2013,Bedding,31,30,64.29999942,0,0,0,0,0,0,0
6/9/2013,Finance,26,27,162.6899986,4,0,0,0,0,0,0
6/9/2013,Remarketing,2,0,0,0,0,0,0,0,0,0
6/9/2013,Dynamic Search Ads,2,0,0,0,0,0,0,0,0,0
6/10/2013,Brand,2948,2455,674.9699912,96,8,0.0833,11724.73985,3.97718448,122.1327067,1465.592481
6/10/2013,Bing/Yahoo!,2195,0,0,53,11,0.2075,26099.27976,11.89033246,492.4392407,2372.661796
6/10/2013,Furniture,963,909,1426.37002,14,1,0.0714,2699.959961,2.80369674,192.8542829,2699.959961
6/10/2013,Appliances,770,708,1051.660016,24,1,0.0417,2629.919968,3.415480477,109.5799987,2629.919968
6/10/2013,Electronics,596,583,781.5500014,13,1,0.0769,2629.919968,4.412617395,202.301536,2629.919968
6/10/2013,Lawn Equipment,167,178,284.2900062,5,0,0,0,0,0,0
6/10/2013,Competitors,160,173,353.4799979,5,1,0.2,559.9799805,3.499874878,111.9959961,559.9799805
6/10/2013,Bedding,43,39,99.22999892,1,0,0,0,0,0,0
6/10/2013,Finance,28,29,229.5999947,3,0,0,0,0,0,0
6/10/2013,Dynamic Search Ads,4,0,0,0,0,0,0,0,0,0
6/11/2013,Brand,2754,2213,664.8799876,111,15,0.1351,26464.28966,9.609400746,238.4170239,1764.285977
6/11/2013,Bing/Yahoo!,1942,0,0,61,10,0.1639,22843.26959,11.76275468,374.4798294,2284.326959
6/11/2013,Furniture,895,842,1329.390007,20,4,0.2,7699.869888,8.603206579,384.9934944,1924.967472
6/11/2013,Appliances,701,681,1108.469993,9,3,0.3333,5499.689882,7.845491986,611.0766536,1833.229961
6/11/2013,Electronics,551,541,719.3499961,9,0,0,0,0,0,0
6/11/2013,Lawn Equipment,184,183,283.0200001,3,0,0,0,0,0,0
6/11/2013,Competitors,166,188,362.2299979,4,0,0,0,0,0,0
6/11/2013,Bedding,51,48,108.7499998,1,0,0,0,0,0,0
6/11/2013,Finance,14,11,81.10000038,1,0,0,0,0,0,0
6/11/2013,Dynamic Search Ads,4,0,0,0,0,0,0,0,0,0
6/12/2013,Brand,2667,2174,638.2299838,83,21,0.253,42302.87962,15.86159716,509.6732484,2014.422839
6/12/2013,Bing/Yahoo!,2061,0,0,68,11,0.1618,21948.55986,10.64947106,322.7729392,1995.323624
6/12/2013,Furniture,893,824,1300.290005,14,3,0.2143,6489.799873,7.267413072,463.5571338,2163.266624
6/12/2013,Appliances,707,658,1069.350009,13,2,0.1538,1949.979996,2.758104662,149.9984612,974.9899979
6/12/2013,Electronics,604,571,761.7899942,19,1,0.0526,859.9799805,1.423807915,45.26210424,859.9799805
6/12/2013,Competitors,180,185,357.500003,2,1,0.5,2039.839981,11.33244434,1019.919991,2039.839981
6/12/2013,Lawn Equipment,162,165,296.7400001,5,1,0.2,199.9900055,1.234506207,39.9980011,199.9900055
6/12/2013,Bedding,47,45,104.3800015,0,0,0,0,0,0,0
6/12/2013,Finance,31,27,169.2399998,3,0,0,0,0,0,0
6/12/2013,Dynamic Search Ads,3,0,0,0,0,0,0,0,0,0
6/12/2013,Remarketing,1,0,0,0,0,0,0,0,0,0
6/13/2013,Brand,2763,2249,587.3699946,114,31,0.2719,52353.70944,18.9481395,459.2430653,1688.829337
6/13/2013,Bing/Yahoo!,2147,0,0,74,13,0.1757,19907.2397,9.272119096,269.0167527,1531.326131
6/13/2013,Furniture,950,863,1376.22999,16,5,0.3125,10149.75988,10.68395777,634.3599925,2029.951976
6/13/2013,Appliances,685,666,1079.71,13,6,0.4615,14179.48977,20.69998506,1090.729982,2363.248295
6/13/2013,Electronics,554,542,783.5799956,16,6,0.375,13468.57981,24.31151589,841.7862378,2244.763301
6/13/2013,Lawn Equipment,175,182,296.7600021,0,0,0,0,0,0,0
6/13/2013,Competitors,167,184,365.7399964,0,0,0,0,0,0,0
6/13/2013,Bedding,58,58,151.3499964,1,0,0,0,0,0,0
6/13/2013,Finance,48,37,286.8399963,6,0,0,0,0,0,0
6/13/2013,Dynamic Search Ads,2,0,0,0,0,0,0,0,0,0
6/14/2013,Brand,3099,2532,643.5199977,18,24,1.3333,40238.80966,12.98444971,2235.489425,1676.617069
6/14/2013,Bing/Yahoo!,2095,0,0,12,14,1.1667,22831.08975,10.89789487,1902.590812,1630.792125
6/14/2013,Furniture,883,815,1248.860005,0,4,0,6876.889961,7.788097351,0,1719.22249
6/14/2013,Appliances,640,594,936.8700076,3,3,1,1599.779984,2.499656224,533.2599945,533.2599945
6/14/2013,Electronics,522,481,665.309998,2,3,1.5,4159.879929,7.969118637,2079.939964,1386.626643
6/14/2013,Lawn Equipment,188,196,324.8299958,0,0,0,0,0,0,0
6/14/2013,Competitors,144,143,286.5899963,0,1,0,619.9199982,4.304999987,0,619.9199982
6/14/2013,Bedding,40,39,95.63999984,0,0,0,0,0,0,0
6/14/2013,Finance,31,32,237.2600021,0,0,0,0,0,0,0
6/14/2013,Dynamic Search Ads,3,0,0,0,0,0,0,0,0,0
6/14/2013,Remarketing,2,0,0,0,0,0,0,0,0,0
6/15/2013,Brand,2852,2279,568.7899985,58,41,0.7069,66610.4891,23.35571146,1148.456709,1624.646076
6/15/2013,Bing/Yahoo!,1846,0,0,22,16,0.7273,32923.22971,17.83490233,1496.510441,2057.701857
6/15/2013,Furniture,918,860,1379.089985,6,4,0.6667,6638.539917,7.231524964,1106.423319,1659.634979
6/15/2013,Appliances,676,617,995.0300157,6,3,0.5,7439.499893,11.00517736,1239.916649,2479.833298
6/15/2013,Electronics,571,538,729.0700015,4,4,1,3961.859936,6.938458732,990.4649839,990.4649839
6/15/2013,Lawn Equipment,185,197,315.6199979,1,0,0,0,0,0,0
6/15/2013,Competitors,181,194,415.2300017,2,1,0.5,389.9799881,2.15458557,194.989994,389.9799881
6/15/2013,Finance,38,31,143.6199989,2,4,2,4509.87999,118.6810524,2254.939995,1127.469997
6/15/2013,Bedding,33,33,82.6800015,0,0,0,0,0,0,0
6/15/2013,Dynamic Search Ads,3,0,0,0,0,0,0,0,0,0
6/15/2013,Remarketing,2,0,0,0,0,0,0,0,0,0
6/16/2013,Brand,2711,2136,523.3999981,101,38,0.3762,63482.73933,23.41672421,628.5419735,1670.598403
6/16/2013,Bing/Yahoo!,1729,0,0,50,12,0.24,29859.84978,17.27001144,597.1969957,2488.320815
6/16/2013,Furniture,841,774,1248.389987,10,4,0.4,9544.739952,11.34927462,954.4739952,2386.184988
6/16/2013,Appliances,596,549,975.6799839,8,2,0.25,3206.879999,5.38067114,400.8599999,1603.44
6/16/2013,Electronics,487,470,651.279999,8,4,0.5,5059.809933,10.38975346,632.4762416,1264.952483
6/16/2013,Lawn Equipment,194,194,301.8300035,4,3,0.75,5659.939941,29.17494815,1414.984985,1886.646647
6/16/2013,Competitors,168,161,335.6899967,8,1,0.125,609.9399872,3.630595162,76.2424984,609.9399872
6/16/2013,Bedding,37,32,87.43000131,0,0,0,0,0,0,0
6/16/2013,Finance,36,33,173.1299953,6,0,0,0,0,0,0
6/16/2013,Dynamic Search Ads,6,0,0,0,0,0,0,0,0,0
6/16/2013,Remarketing,4,0,0,0,0,0,0,0,0,0
6/17/2013,Brand,3008,2497,629.7199944,102,16,0.1569,43049.0896,14.31153245,422.0498981,2690.5681
6/17/2013,Bing/Yahoo!,2136,0,0,78,15,0.1923,22320.29978,10.44957855,286.1576895,1488.019985
6/17/2013,Furniture,893,854,1372.650008,19,1,0.0526,267.8800049,0.299977609,14.09894763,267.8800049
6/17/2013,Appliances,769,726,1306.509991,17,2,0.1176,8519.849899,11.07912861,501.1676411,4259.92495
6/17/2013,Electronics,474,450,657.9700001,10,2,0.2,3458.749966,7.296940856,345.8749966,1729.374983
6/17/2013,Lawn Equipment,206,217,342.8500018,1,0,0,0,0,0,0
6/17/2013,Competitors,173,177,328.2700009,7,0,0,0,0,0,0
6/17/2013,Bedding,59,54,159.9599971,2,0,0,0,0,0,0
6/17/2013,Finance,36,34,237.6899977,5,0,0,0,0,0,0
6/17/2013,Dynamic Search Ads,1,0,0,0,0,0,0,0,0,0
6/18/2013,Brand,2637,2079,548.5599876,115,12,0.1043,25678.13979,9.737633596,223.2881721,2139.844983
6/18/2013,Bing/Yahoo!,2032,0,0,65,9,0.1385,11214.44984,5.518922168,172.5299976,1246.049983
6/18/2013,Furniture,931,868,1456.81999,17,2,0.1176,2149.85997,2.309194382,126.4623512,1074.929985
6/18/2013,Appliances,682,644,1151.6,8,1,0.125,1659.879974,2.433841605,207.4849968,1659.879974
6/18/2013,Electronics,462,454,666.9699961,8,0,0,0,0,0,0
6/18/2013,Lawn Equipment,214,215,333.6199925,1,0,0,0,0,0,0
6/18/2013,Competitors,168,184,396.0999949,1,0,0,0,0,0,0
6/18/2013,Bedding,47,41,116.189997,0,0,0,0,0,0,0
6/18/2013,Finance,37,31,183.1499996,2,0,0,0,0,0,0
6/18/2013,Dynamic Search Ads,2,0,0,0,0,0,0,0,0,0
6/19/2013,Brand,2829,2334,625.6499833,132,16,0.1212,39343.13972,13.90708368,298.0540888,2458.946233
6/19/2013,Bing/Yahoo!,2043,0,0,58,10,0.1724,19356.35988,9.474478647,333.7303427,1935.635988
6/19/2013,Furniture,1047,957,1594.970005,11,3,0.2727,7264.869919,6.938748729,660.4427199,2421.623306
6/19/2013,Appliances,638,604,1046.280012,10,0,0,0,0,0,0
6/19/2013,Electronics,481,449,632.5600008,10,2,0.2,9759.839897,20.29072744,975.9839897,4879.919949
6/19/2013,Lawn Equipment,218,208,310.9100027,3,3,1,9699.929932,44.49509143,3233.309977,3233.309977
6/19/2013,Competitors,149,158,304.0799992,2,1,0.5,774.9799881,5.201207974,387.489994,774.9799881
6/19/2013,Bedding,44,39,101.3799996,1,1,1,799.9899902,18.18159069,799.9899902,799.9899902
6/19/2013,Finance,30,27,123.2200012,3,0,0,0,0,0,0
6/19/2013,Dynamic Search Ads,4,0,0,1,0,0,0,0,0,0
6/20/2013,Brand,2882,2320,624.240012,108,20,0.1852,50663.65958,17.57934059,469.1079591,2533.182979
6/20/2013,Bing/Yahoo!,2010,0,0,62,9,0.1452,14257.69981,7.093382989,229.9629001,1584.188868
6/20/2013,Furniture,917,851,1497.240005,15,2,0.1333,3339.759995,3.642050158,222.6506663,1669.879997
6/20/2013,Appliances,580,561,1052.389989,9,2,0.2222,3899.899979,6.72396548,433.3222198,1949.949989
6/20/2013,Electronics,479,467,678.5299992,3,2,0.6667,2589.959991,5.407014596,863.3199972,1294.979996
6/20/2013,Lawn Equipment,197,209,321.1600092,1,0,0,0,0,0,0
6/20/2013,Competitors,148,165,339.9100024,4,0,0,0,0,0,0
6/20/2013,Bedding,42,39,96.91000235,0,0,0,0,0,0,0
6/20/2013,Finance,25,23,81.99000204,2,0,0,0,0,0,0
6/20/2013,Dynamic Search Ads,4,0,0,0,0,0,0,0,0,0
6/21/2013,Brand,2835,2288,629.979996,124,25,0.2016,51669.60951,18.22561182,416.6903993,2066.78438
6/21/2013,Bing/Yahoo!,2032,0,0,59,8,0.1356,12660.59987,6.230610173,214.5864385,1582.574984
6/21/2013,Furniture,870,818,1446.629996,11,1,0.0909,2299.969971,2.643643644,209.0881792,2299.969971
6/21/2013,Appliances,622,569,1116.359987,15,5,0.3333,8990.279951,14.45382629,599.3519967,1798.05599
6/21/2013,Electronics,492,454,670.3499946,6,2,0.3333,1189.889954,2.418475515,198.3149923,594.9449768
6/21/2013,Lawn Equipment,208,208,321.5400046,2,0,0,0,0,0,0
6/21/2013,Competitors,162,166,347.3000009,2,0,0,0,0,0,0
6/21/2013,Bedding,42,48,134.3100008,2,0,0,0,0,0,0
6/21/2013,Finance,27,29,130.1900005,4,0,0,0,0,0,0
6/21/2013,Remarketing,1,0,0,0,0,0,0,0,0,0
6/21/2013,Dynamic Search Ads,1,0,0,0,0,0,0,0,0,0
6/22/2013,Brand,2825,2256,593.7899941,113,34,0.3009,60589.15938,21.44749005,536.1872512,1782.034099
6/22/2013,Bing/Yahoo!,1962,0,0,74,19,0.2568,49060.73957,25.00547379,662.9829672,2582.144188
6/22/2013,Furniture,1000,902,1513.259981,18,6,0.3333,15177.55977,15.17755977,843.1977651,2529.593295
6/22/2013,Appliances,633,573,1058.519992,9,2,0.2222,4139.860004,6.540063198,459.9844449,2069.930002
6/22/2013,Electronics,488,471,665.7800027,9,0,0,0,0,0,0
6/22/2013,Lawn Equipment,255,270,422.0400015,7,1,0.1429,2149.97998,8.431294041,307.1399972,2149.97998
6/22/2013,Competitors,182,195,398.8900025,9,1,0.1111,2499.959961,13.73604374,277.773329,2499.959961
6/22/2013,Bedding,37,36,93.85000259,0,0,0,0,0,0,0
6/22/2013,Finance,29,28,137.2400017,1,0,0,0,0,0,0
6/22/2013,Dynamic Search Ads,1,0,0,0,0,0,0,0,0,0
6/23/2013,Brand,2995,2356,620.4400001,121,53,0.438,101520.8089,33.89676426,839.01495,1915.486961
6/23/2013,Bing/Yahoo!,2020,0,0,47,16,0.3404,29943.91976,14.82372265,637.1046758,1871.494985
6/23/2013,Furniture,1052,955,1639.130016,17,7,0.4118,16101.29984,15.3054181,947.1352848,2300.185692
6/23/2013,Appliances,677,633,1253.889983,11,2,0.1818,4839.779953,7.14886256,439.9799957,2419.889977
6/23/2013,Electronics,470,442,624.9499964,8,5,0.625,7929.759882,16.87182954,991.2199852,1585.951976
6/23/2013,Lawn Equipment,257,262,407.9599972,3,1,0.3333,2499.98999,9.727587511,833.3299967,2499.98999
6/23/2013,Competitors,159,174,360.1799968,5,1,0.2,629.9799957,3.962138338,125.9959991,629.9799957
6/23/2013,Bedding,42,41,103.8499997,0,1,0,1678.979996,39.97571418,0,1678.979996
6/23/2013,Finance,24,22,106.4500034,1,4,4,7239.819939,301.6591641,7239.819939,1809.954985
6/23/2013,Remarketing,3,0,0,0,0,0,0,0,0,0
6/23/2013,Dynamic Search Ads,1,0,0,0,0,0,0,0,0,0
6/24/2013,Brand,3156,2541,794.0200017,184,27,0.1467,44358.52962,14.05530089,241.0789653,1642.908504
6/24/2013,Bing/Yahoo!,2347,0,0,97,11,0.1134,23206.87971,9.887890801,239.2461826,2109.716337
6/24/2013,Furniture,1031,956,1662.320008,11,5,0.4545,12254.53992,11.8860717,1114.049084,2450.907984
6/24/2013,Appliances,707,670,1222.539994,10,1,0.1,1439.819977,2.036520476,143.9819977,1439.819977
6/24/2013,Electronics,537,516,695.6799949,12,1,0.0833,199.9900055,0.372420867,16.66583379,199.9900055
6/24/2013,Lawn Equipment,217,224,351.6699957,0,0,0,0,0,0,0
6/24/2013,Competitors,174,188,395.9399954,4,0,0,0,0,0,0
6/24/2013,Bedding,45,43,122.8099984,1,0,0,0,0,0,0
6/24/2013,Finance,32,31,157.8599982,3,0,0,0,0,0,0
6/24/2013,Dynamic Search Ads,2,0,0,1,0,0,0,0,0,0
6/25/2013,Brand,3089,2489,713.5800291,185,20,0.1081,33033.73979,10.69399152,178.5607556,1651.68699
6/25/2013,Bing/Yahoo!,2140,0,0,87,8,0.092,12565.39985,5.871682175,144.4298834,1570.674982
6/25/2013,Furniture,1040,976,1673.400004,16,7,0.4375,19684.63984,18.92753831,1230.28999,2812.091406
6/25/2013,Appliances,593,538,912.4699931,9,2,0.2222,5949.889954,10.03354124,661.0988837,2974.944977
6/25/2013,Electronics,540,512,712.7499973,6,1,0.1667,2744.969971,5.083277724,457.4949951,2744.969971
6/25/2013,Competitors,190,203,439.6599965,8,0,0,0,0,0,0
6/25/2013,Lawn Equipment,124,108,173.1899974,2,1,0.5,3299.880005,26.61193552,1649.940002,3299.880005
6/25/2013,Bedding,44,43,95.55999857,1,0,0,0,0,0,0
6/25/2013,Finance,31,29,109.0400009,4,0,0,0,0,0,0
6/25/2013,Dynamic Search Ads,2,0,0,0,0,0,0,0,0,0
6/26/2013,Brand,3067,2497,731.0500175,157,24,0.1529,48209.54948,15.7187967,307.0671941,2008.731228
6/26/2013,Bing/Yahoo!,2119,0,0,102,15,0.1471,35129.54967,16.57836228,344.4073497,2341.969978
6/26/2013,Furniture,947,891,1443.349992,19,1,0.0526,1298.959991,1.371657858,68.36631534,1298.959991
6/26/2013,Electronics,524,514,767.4800038,12,1,0.0833,79.98999786,0.152652668,6.665833155,79.98999786
6/26/2013,Appliances,501,461,735.6700095,10,2,0.2,4449.87994,8.881995888,444.987994,2224.93997
6/26/2013,Competitors,186,185,376.2800078,12,1,0.0833,1994.859974,10.72505362,166.2383312,1994.859974
6/26/2013,Lawn Equipment,113,111,188.3900023,2,0,0,0,0,0,0
6/26/2013,Bedding,51,39,101.9100016,1,0,0,0,0,0,0
6/26/2013,Finance,36,32,107.8000011,7,0,0,0,0,0,0
6/26/2013,Dynamic Search Ads,1,0,0,0,0,0,0,0,0,0
6/27/2013,Brand,3192,2564,697.5700145,152,19,0.125,37343.02964,11.69894412,245.6778266,1965.422613
6/27/2013,Bing/Yahoo!,2150,0,0,83,7,0.0843,9989.70985,4.646376675,120.35795,1427.101407
6/27/2013,Furniture,1011,923,1463.929992,21,0,0,0,0,0,0
6/27/2013,Electronics,516,488,712.6299984,11,1,0.0909,299.97999,0.58135657,27.27090818,299.97999
6/27/2013,Appliances,480,438,694.3999956,6,2,0.3333,4699.849945,9.791354052,783.3083242,2349.924973
6/27/2013,Competitors,185,183,384.4300064,8,1,0.125,1949.939976,10.54021609,243.742497,1949.939976
6/27/2013,Lawn Equipment,99,104,166.8700001,2,1,0.5,4599.97998,46.46444425,2299.98999,4599.97998
6/27/2013,Bedding,53,53,133.0200036,1,0,0,0,0,0,0
6/27/2013,Finance,34,33,136.460001,2,0,0,0,0,0,0
6/27/2013,Dynamic Search Ads,1,0,0,0,0,0,0,0,0,0
6/28/2013,Brand,3060,2513,684.2800247,137,57,0.4161,87697.16912,28.65920559,640.125322,1538.546827
6/28/2013,Bing/Yahoo!,2110,0,0,86,9,0.1047,23863.37979,11.30965867,277.4811604,2651.486644
6/28/2013,Furniture,940,847,1274.019989,20,8,0.4,12038.7599,12.80719138,601.9379948,1504.844987
6/28/2013,Electronics,558,531,766.8100021,9,2,0.2222,2419.92997,4.336792061,268.8811078,1209.964985
6/28/2013,Appliances,506,461,749.8800039,10,4,0.4,7809.759943,15.43430819,780.9759943,1952.439986
6/28/2013,Competitors,180,199,410.0399985,3,1,0.3333,449.9199982,2.499555545,149.9733327,449.9199982
6/28/2013,Lawn Equipment,93,92,114.7000007,2,0,0,0,0,0,0
6/28/2013,Bedding,44,39,111.2600016,1,0,0,0,0,0,0
6/28/2013,Finance,16,18,112.6200008,1,0,0,0,0,0,0
6/28/2013,Dynamic Search Ads,3,0,0,0,0,0,0,0,0,0
6/29/2013,Brand,2996,2416,649.3400167,143,54,0.3776,108508.8088,36.21789346,758.8028588,2009.422385
6/29/2013,Bing/Yahoo!,1966,0,0,68,18,0.2647,44062.7797,22.41240066,647.9820544,2447.932206
6/29/2013,Furniture,1006,888,1429.329993,16,5,0.3125,10256.55986,10.19538754,641.0349915,2051.311973
6/29/2013,Electronics,535,499,761.0299981,2,1,0.5,3274,6.119626168,1637,3274
6/29/2013,Appliances,527,478,764.559999,10,2,0.2,3464.859955,6.574686821,346.4859955,1732.429977
6/29/2013,Competitors,224,241,486.5600054,8,2,0.25,3719.909958,16.60674088,464.9887447,1859.954979
6/29/2013,Lawn Equipment,96,101,160.6400006,2,0,0,0,0,0,0
6/29/2013,Bedding,52,50,116.0800017,1,1,1,777.8599968,14.95884609,777.8599968,777.8599968
6/29/2013,Finance,36,30,155.9600036,4,1,0.25,1549.909988,43.05305523,387.4774971,1549.909988
6/29/2013,Dynamic Search Ads,2,0,0,0,0,0,0,0,0,0
6/30/2013,Brand,3109,2443,743.6299961,127,53,0.4173,117956.179,37.94023127,928.7888113,2225.588284
6/30/2013,Bing/Yahoo!,1890,0,0,63,31,0.4921,56461.33948,29.87372459,896.2117378,1821.333532
6/30/2013,Furniture,928,824,1186.830008,13,5,0.3846,14199.60974,15.3013036,1092.277672,2839.921948
6/30/2013,Appliances,687,635,923.1099914,12,3,0.25,5789.729935,8.42755449,482.4774946,1929.909978
6/30/2013,Competitors,654,717,1414.679994,9,1,0.1111,2269.939987,3.47085625,252.2155541,2269.939987
6/30/2013,Electronics,634,621,865.8800002,7,3,0.4286,8229.839884,12.98082001,1175.691412,2743.279961
6/30/2013,Lawn Equipment,85,86,131.02,1,2,2,9499.919922,111.7637638,9499.919922,4749.959961
6/30/2013,Bedding,58,56,131.3500002,1,0,0,0,0,0,0
6/30/2013,Finance,27,26,112.3099966,3,1,0.3333,2099.969986,77.77666615,699.9899953,2099.969986
6/30/2013,Dynamic Search Ads,3,0,0,0,1,0,999.9899902,333.3299967,0,999.9899902
7/1/2013,Brand,2940,2393,618.5099964,109,8,0.0734,17701.46981,6.0209081,162.3988056,2212.683727
7/1/2013,Bing/Yahoo!,1992,0,0,54,4,0.0741,3794.909966,1.905075284,70.27611047,948.7274914
7/1/2013,Furniture,933,846,1284.36998,21,3,0.1429,5554.81992,5.953719099,264.5152343,1851.60664
7/1/2013,Appliances,766,725,1132.039995,11,0,0,0,0,0,0
7/1/2013,Competitors,753,785,1628.559975,10,2,0.2,3319.909983,4.408911,331.9909983,1659.954991
7/1/2013,Electronics,740,726,1052.919997,13,1,0.0769,1199.97998,1.621594568,92.30615234,1199.97998
7/1/2013,Lawn Equipment,114,115,176.5299989,0,1,0,1809.979988,15.87701744,0,1809.979988
7/1/2013,Bedding,78,75,176.3599995,3,0,0,0,0,0,0
7/1/2013,Finance,39,37,134.590004,0,0,0,0,0,0,0
7/1/2013,Dynamic Search Ads,4,0,0,0,0,0,0,0,0,0
7/1/2013,Remarketing,2,0,0,0,0,0,0,0,0,0
7/2/2013,Bing/Yahoo!,3753,0,0,77,11,0.1429,27284.56981,7.270069229,354.3450625,2480.415438
7/2/2013,Brand,2919,2345,612.6699935,129,19,0.1473,44376.84956,15.20275764,344.0065857,2335.623661
7/2/2013,Furniture,1055,961,1524.820014,19,3,0.1579,4637.449928,4.395687136,244.076312,1545.816643
7/2/2013,Electronics,763,737,1045.72,11,1,0.0909,999.9799957,1.310589772,90.90727234,999.9799957
7/2/2013,Appliances,738,708,1227.769995,15,2,0.1333,3829.709965,5.189308895,255.3139977,1914.854982
7/2/2013,Competitors,712,731,1384.38999,8,0,0,0,0,0,0
7/2/2013,Lawn Equipment,118,117,174.0200034,2,1,0.5,1699.98999,14.40669483,849.9949951,1699.98999
7/2/2013,Bedding,72,64,155.0799967,1,1,1,1903.739975,26.44083299,1903.739975,1903.739975
7/2/2013,Finance,23,24,137.7000008,4,0,0,0,0,0,0
7/2/2013,Remarketing,1,0,0,0,0,0,0,0,0,0
7/3/2013,Bing/Yahoo!,3969,0,0,67,10,0.1493,18063.60984,4.551174058,269.606117,1806.360984
7/3/2013,Brand,3177,2696,625.8400152,134,34,0.2537,71412.49915,22.47796637,532.9290981,2100.367622
7/3/2013,Furniture,932,887,1291.440013,12,2,0.1667,3979.939972,4.270321858,331.6616643,1989.969986
7/3/2013,Electronics,737,720,1005.530001,14,5,0.3571,8039.67992,10.90865661,574.2628514,1607.935984
7/3/2013,Competitors,728,806,1486.530002,13,0,0,0,0,0,0
7/3/2013,Appliances,673,625,1048.280009,13,7,0.5385,14949.22983,22.21282292,1149.940756,2135.604261
7/3/2013,Lawn Equipment,101,96,166.5399995,1,0,0,0,0,0,0
7/3/2013,Bedding,66,60,132.2599993,1,1,1,1254.959984,19.01454521,1254.959984,1254.959984
7/3/2013,Finance,22,19,100.1600008,1,1,1,999.8999863,45.44999938,999.8999863,999.8999863
7/4/2013,Brand,2973,2430,520.2199966,99,21,0.2121,47886.81959,16.10723834,483.7052484,2280.324742
7/4/2013,Bing/Yahoo!,2503,0,0,60,16,0.2667,26154.05974,10.44908499,435.9009957,1634.628734
7/4/2013,Furniture,988,926,1433.980025,19,2,0.1053,2649.949963,2.68213559,139.4710507,1324.974981
7/4/2013,Competitors,917,982,1791.899999,12,2,0.1667,1309.949966,1.428516866,109.1624972,654.9749832
7/4/2013,Electronics,835,807,1104.059985,15,2,0.1333,6319.829941,7.568658612,421.3219961,3159.91497
7/4/2013,Appliances,682,640,1008.960004,7,2,0.2857,3369.929939,4.941246245,481.4185628,1684.96497
7/4/2013,Lawn Equipment,104,94,143.1899996,0,0,0,0,0,0,0
7/4/2013,Bedding,81,77,187.5800021,2,0,0,0,0,0,0
7/4/2013,Finance,25,24,123.4500008,1,0,0,0,0,0,0
7/4/2013,Dynamic Search Ads,2,0,0,0,0,0,0,0,0,0
7/4/2013,Remarketing,1,0,0,0,0,0,0,0,0,0
7/5/2013,Brand,3208,2560,562.6699941,141,32,0.227,73582.4691,22.93717865,521.8614829,2299.452159
7/5/2013,Bing/Yahoo!,2883,0,0,70,9,0.1286,20189.46987,7.002937868,288.4209982,2243.27443
7/5/2013,Furniture,1097,998,1464.979993,16,3,0.1875,5619.84993,5.122926098,351.2406206,1873.28331
7/5/2013,Competitors,670,695,1356.219996,13,3,0.2308,4900.919971,7.314805928,376.993844,1633.63999
7/5/2013,Electronics,667,654,912.1700012,11,4,0.3636,9790.649935,14.67863558,890.059085,2447.662484
7/5/2013,Appliances,646,593,983.5999949,10,4,0.4,7779.499905,12.04256951,777.9499905,1944.874976
7/5/2013,Lawn Equipment,99,94,131.250001,2,0,0,0,0,0,0
7/5/2013,Bedding,62,61,147.4399988,2,0,0,0,0,0,0
7/5/2013,Finance,40,31,117.6999998,2,0,0,0,0,0,0
7/5/2013,Dynamic Search Ads,1,0,0,0,0,0,0,0,0,0
7/6/2013,Brand,2846,2236,563.2699909,127,30,0.2362,66109.53961,23.2289317,520.547556,2203.65132
7/6/2013,Bing/Yahoo!,2582,0,0,57,20,0.3509,35991.57961,13.9394189,631.4312212,1799.57898
7/6/2013,Furniture,1065,997,1539.540011,21,8,0.381,23874.41978,22.41729557,1136.877132,2984.302472
7/6/2013,Electronics,641,642,910.8800039,10,4,0.4,6569.919945,10.24948509,656.9919945,1642.479986
7/6/2013,Appliances,631,567,953.8499873,10,2,0.2,3839.929958,6.085467446,383.9929958,1919.964979
7/6/2013,Competitors,622,662,1423.910009,7,2,0.2857,3549.889984,5.707218624,507.1271406,1774.944992
7/6/2013,Lawn Equipment,79,78,119.9000012,1,0,0,0,0,0,0
7/6/2013,Bedding,67,59,141.3500014,0,0,0,0,0,0,0
7/6/2013,Finance,25,26,126.7300024,1,0,0,0,0,0,0
7/6/2013,Dynamic Search Ads,3,0,0,0,0,0,0,0,0,0
7/7/2013,Brand,2819,2214,624.2400127,126,35,0.2778,57728.35926,20.47831119,458.1615814,1649.381693
7/7/2013,Bing/Yahoo!,2492,0,0,69,18,0.2609,28006.27971,11.238475,405.8881117,1555.904428
7/7/2013,Furniture,1130,1010,1433.490023,27,7,0.2593,11829.64985,10.46871668,438.1351797,1689.949979
7/7/2013,Electronics,635,611,800.0800019,6,0,0,0,0,0,0
7/7/2013,Appliances,538,490,807.5399998,12,2,0.1667,2999.959961,5.576133756,249.9966634,1499.97998
7/7/2013,Competitors,294,281,552.5899976,4,0,0,0,0,0,0
7/7/2013,Lawn Equipment,96,95,134.9800019,2,1,0.5,2499.98999,26.0415624,1249.994995,2499.98999
7/7/2013,Bedding,46,43,103.6499983,0,0,0,0,0,0,0
7/7/2013,Finance,40,40,144.0599985,5,0,0,0,0,0,0
7/7/2013,Dynamic Search Ads,5,0,0,0,0,0,0,0,0,0
7/7/2013,Remarketing,2,0,0,0,0,0,0,0,0,0
7/8/2013,Bing/Yahoo!,3351,0,0,59,2,0.0339,3169.819967,0.945932548,53.72576216,1584.909984
7/8/2013,Brand,2868,2233,603.9300052,117,14,0.1197,24595.22971,8.575742575,210.2156385,1756.802122
7/8/2013,Furniture,1021,932,1364.760009,15,2,0.1333,4856.859932,4.756963694,323.7906621,2428.429966
7/8/2013,Electronics,579,575,751.0699979,11,0,0,0,0,0,0
7/8/2013,Appliances,575,504,838.7499923,7,1,0.1429,519.9799957,0.904313036,74.28285653,519.9799957
7/8/2013,Competitors,207,215,403.089999,6,0,0,0,0,0,0
7/8/2013,Lawn Equipment,102,97,148.8500009,0,0,0,0,0,0,0
7/8/2013,Bedding,51,45,102.8399998,0,0,0,0,0,0,0
7/8/2013,Finance,27,27,134.170002,3,0,0,0,0,0,0
7/8/2013,Remarketing,1,0,0,0,0,0,0,0,0,0
7/9/2013,Bing/Yahoo!,3205,0,0,79,6,0.0759,15658.55991,4.885666119,198.2096191,2609.759985
7/9/2013,Brand,2612,2057,674.7799995,97,14,0.1443,32148.0096,12.30781378,331.4227794,2296.2864
7/9/2013,Furniture,971,873,1373.180021,15,2,0.1333,2494.769913,2.569279004,166.3179942,1247.384956
7/9/2013,Electronics,557,534,714.1099987,16,3,0.1875,3919.839966,7.03741466,244.9899979,1306.613322
7/9/2013,Appliances,508,487,848.4299975,15,1,0.0667,1599.919983,3.149448785,106.6613322,1599.919983
7/9/2013,Competitors,216,225,427.3199991,5,0,0,0,0,0,0
7/9/2013,Lawn Equipment,95,95,133.7099994,2,0,0,0,0,0,0
7/9/2013,Bedding,53,53,148.6100023,0,0,0,0,0,0,0
7/9/2013,Finance,42,37,189.1300039,7,1,0.1429,1849.839935,44.04380798,264.2628479,1849.839935
7/9/2013,Remarketing,1,0,0,0,0,0,0,0,0,0
7/10/2013,Bing/Yahoo!,3631,0,0,58,9,0.1552,15502.46984,4.269476683,267.2839627,1722.496648
7/10/2013,Brand,2736,2242,710.3900087,138,20,0.1449,53275.57952,19.47206854,386.0549241,2663.778976
7/10/2013,Furniture,925,823,1222.119995,17,1,0.0588,1859.959961,2.010767525,109.4094095,1859.959961
7/10/2013,Appliances,577,514,896.0799888,10,2,0.2,4969.929932,8.613396762,496.9929932,2484.964966
7/10/2013,Electronics,535,518,732.349997,10,1,0.1,649.9899902,1.214934561,64.99899902,649.9899902
7/10/2013,Competitors,192,193,351.1199999,2,0,0,0,0,0,0
7/10/2013,Lawn Equipment,88,87,132.8800025,0,0,0,0,0,0,0
7/10/2013,Bedding,39,41,85.59999785,0,0,0,0,0,0,0
7/10/2013,Finance,31,26,105.46,5,0,0,0,0,0,0
7/10/2013,Dynamic Search Ads,1,0,0,0,0,0,0,0,0,0
7/10/2013,Remarketing,1,0,0,0,0,0,0,0,0,0
7/11/2013,Brand,2827,2313,759.9799948,109,20,0.1835,38948.54952,13.7773433,357.3261424,1947.427476
7/11/2013,Bing/Yahoo!,2463,0,0,79,12,0.1519,27805.07972,11.28911073,351.9630344,2317.089977
7/11/2013,Furniture,966,859,1291.720018,24,4,0.1667,10843.59983,11.22525863,451.8166597,2710.899958
7/11/2013,Appliances,570,487,861.7400132,6,2,0.3333,6669.729919,11.70128056,1111.621653,3334.86496
7/11/2013,Electronics,546,521,673.4600045,10,3,0.3,9528.819918,17.45205113,952.8819918,3176.273306
7/11/2013,Competitors,170,183,345.0499959,4,1,0.25,929.9799805,5.470470473,232.4949951,929.9799805
7/11/2013,Lawn Equipment,87,87,139.7700016,1,1,1,2449.97998,28.16068943,2449.97998,2449.97998
7/11/2013,Bedding,48,43,98.90999812,0,0,0,0,0,0,0
7/11/2013,Finance,41,40,149.5199995,6,0,0,0,0,0,0
7/11/2013,Dynamic Search Ads,1,0,0,0,0,0,0,0,0,0
7/12/2013,Brand,2939,2330,639.8299934,117,35,0.2991,55277.86922,18.80839375,472.4604207,1579.367692
7/12/2013,Bing/Yahoo!,2146,0,0,53,11,0.2075,21649.26975,10.08819653,408.4767878,1968.115432
7/12/2013,Furniture,998,901,1497.509995,19,6,0.3158,11744.62989,11.76816622,618.1384153,1957.438315
7/12/2013,Appliances,665,617,1297.649988,12,3,0.25,5909.819946,8.886947288,492.4849955,1969.939982
7/12/2013,Electronics,635,605,847.7300031,7,2,0.2857,4769.899979,7.51165351,681.4142827,2384.949989
7/12/2013,Competitors,188,184,378.7900012,11,3,0.2727,10069.7599,53.56255268,915.4327185,3356.586634
7/12/2013,Lawn Equipment,100,102,150.1000017,4,0,0,0,0,0,0
7/12/2013,Bedding,58,54,142.0299992,1,0,0,0,0,0,0
7/12/2013,Finance,40,35,149.5100002,3,0,0,0,0,0,0
7/13/2013,Bing/Yahoo!,3216,0,0,69,21,0.3043,40597.2594,12.62352593,588.3660783,1933.202829
7/13/2013,Brand,2883,2377,794.7799905,120,43,0.3583,92003.56898,31.91244155,766.6964082,2139.617883
7/13/2013,Furniture,1106,1009,1605.240004,18,7,0.3889,27660.33972,25.00934876,1536.68554,3951.477103
7/13/2013,Appliances,804,755,1759.000003,7,2,0.2857,8489.489809,10.55906693,1212.784258,4244.744905
7/13/2013,Electronics,697,693,1061.66,16,5,0.3125,16789.82986,24.08870856,1049.364367,3357.965973
7/13/2013,Competitors,202,188,411.1300056,6,0,0,0,0,0,0
7/13/2013,Lawn Equipment,118,120,191.5300031,1,0,0,0,0,0,0
7/13/2013,Bedding,77,73,197.7700006,2,0,0,0,0,0,0
7/13/2013,Finance,72,70,369.6899958,11,2,0.1818,2517.759979,34.9688886,228.8872708,1258.87999
7/13/2013,Remarketing,1,0,0,0,0,0,0,0,0,0
7/13/2013,Dynamic Search Ads,1,0,0,0,0,0,0,0,0,0
7/14/2013,Brand,2893,2257,702.1900089,127,33,0.2598,67709.22927,23.40450372,533.1435376,2051.794826
7/14/2013,Bing/Yahoo!,2373,0,0,68,18,0.2647,40849.83953,17.21442879,600.7329342,2269.435529
7/14/2013,Furniture,1108,1008,1545.54002,18,4,0.2222,7027.969971,6.342933187,390.4427762,1756.992493
7/14/2013,Appliances,844,773,1664.050005,9,4,0.4444,4699.709961,5.568376731,522.1899957,1174.92749
7/14/2013,Electronics,720,698,1090.010006,13,0,0,0,0,0,0
7/14/2013,Competitors,211,202,381.5300012,2,0,0,0,0,0,0
7/14/2013,Lawn Equipment,112,110,180.210005,1,0,0,0,0,0,0
7/14/2013,Finance,59,52,296.1799936,7,0,0,0,0,0,0
7/14/2013,Bedding,53,51,131.3199972,0,0,0,0,0,0,0
7/14/2013,Remarketing,1,0,0,0,0,0,0,0,0,0
7/14/2013,Dynamic Search Ads,1,0,0,0,0,0,0,0,0,0
7/15/2013,Brand,2996,2445,863.8600222,109,12,0.1101,25853.1397,8.629218858,237.1847679,2154.428308
7/15/2013,Bing/Yahoo!,2411,0,0,55,6,0.1091,20663.58983,8.57054742,375.7016332,3443.931638
7/15/2013,Furniture,1098,1029,1658.780005,19,0,0,0,0,0,0
7/15/2013,Electronics,818,791,1155.970003,16,4,0.25,6889.909931,8.422872777,430.6193707,1722.477483
7/15/2013,Appliances,813,779,1601.080002,10,1,0.1,3244.959972,3.991340679,324.4959972,3244.959972
7/15/2013,Competitors,195,203,366.2200043,3,0,0,0,0,0,0
7/15/2013,Lawn Equipment,112,103,169.3599964,1,0,0,0,0,0,0
7/15/2013,Bedding,92,97,266.4799962,1,0,0,0,0,0,0
7/15/2013,Finance,65,63,362.7500005,6,0,0,0,0,0,0
7/15/2013,Remarketing,1,0,0,0,0,0,0,0,0,0
7/15/2013,Dynamic Search Ads,1,0,0,0,0,0,0,0,0,0
7/16/2013,Brand,2839,2284,866.0600056,102,19,0.1863,50976.09935,17.95565317,499.7656799,2682.952597
7/16/2013,Bing/Yahoo!,2263,0,0,58,12,0.2069,28619.72969,12.64680941,493.4436154,2384.977475
7/16/2013,Furniture,1114,1021,1843.529997,18,2,0.1111,5279.809984,4.739506269,293.3227769,2639.904992
7/16/2013,Appliances,825,776,1706.809996,14,3,0.2143,12978.21984,15.73117557,927.0157031,4326.073281
7/16/2013,Electronics,727,703,1098.270004,15,0,0,0,0,0,0
7/16/2013,Competitors,185,186,382.46,12,0,0,0,0,0,0
7/16/2013,Lawn Equipment,151,159,258.799999,4,0,0,0,0,0,0
7/16/2013,Bedding,85,81,227.1200007,3,0,0,0,0,0,0
7/16/2013,Finance,55,49,379.8800068,6,0,0,0,0,0,0
7/16/2013,Dynamic Search Ads,1,0,0,0,0,0,0,0,0,0
7/17/2013,Brand,2639,2103,963.2600112,116,18,0.1552,41247.6494,15.63003009,355.5831845,2291.536078
7/17/2013,Bing/Yahoo!,2402,0,0,55,4,0.0727,9804.789974,4.08192755,178.2689086,2451.197494
7/17/2013,Furniture,1072,1002,1838.770002,22,8,0.3636,14339.56984,13.37646441,651.7986292,1792.44623
7/17/2013,Appliances,755,726,1593.640007,7,0,0,0,0,0,0
7/17/2013,Electronics,678,664,1095.859999,13,1,0.0769,2589.959969,3.819999954,199.2276899,2589.959969
7/17/2013,Competitors,161,165,346.7599932,5,1,0.2,3318.819977,20.61378868,663.7639954,3318.819977
7/17/2013,Lawn Equipment,156,164,257.3600008,1,1,1,3399.959961,21.79461513,3399.959961,3399.959961
7/17/2013,Finance,67,59,404.1800122,8,0,0,0,0,0,0
7/17/2013,Bedding,65,57,150.2599983,1,0,0,0,0,0,0
7/17/2013,Dynamic Search Ads,1,0,0,0,0,0,0,0,0,0
7/18/2013,Brand,2693,2176,943.8699862,113,27,0.2389,57261.00925,21.26290726,506.7345951,2120.77812
7/18/2013,Bing/Yahoo!,2586,0,0,57,11,0.193,16754.46983,6.478913314,293.9380672,1523.133621
7/18/2013,Furniture,1004,909,1641.690027,15,2,0.1333,3209.919945,3.197131419,213.994663,1604.959972
7/18/2013,Appliances,762,727,1662.330014,13,3,0.2308,6399.709879,8.398569395,492.2853753,2133.236626
7/18/2013,Electronics,667,657,1021.320005,13,2,0.1538,2954.909962,4.430149868,227.3007663,1477.454981
7/18/2013,Competitors,169,176,399.7699975,2,1,0.5,1039.959991,6.153609417,519.9799957,1039.959991
7/18/2013,Lawn Equipment,157,163,275.9100006,0,2,0,5999.97998,38.216433,0,2999.98999
7/18/2013,Finance,66,51,256.1500053,6,0,0,0,0,0,0
7/18/2013,Bedding,64,59,153.7300012,1,0,0,0,0,0,0
7/19/2013,Brand,2691,2152,849.4600163,96,27,0.2813,51950.09929,19.30512794,541.1468676,1924.077752
7/19/2013,Bing/Yahoo!,2539,0,0,57,14,0.2456,19905.35979,7.839842375,349.2168384,1421.811413
7/19/2013,Furniture,980,940,1694.940013,15,5,0.3333,13503.56992,13.77915298,900.2379944,2700.713983
7/19/2013,Appliances,723,686,1570.579986,7,2,0.2857,3576.929993,4.947344388,510.989999,1788.464996
7/19/2013,Electronics,620,610,1050.550003,10,5,0.5,12479.58986,20.12837075,1247.958986,2495.917973
7/19/2013,Lawn Equipment,201,202,344.0299978,2,0,0,0,0,0,0
7/19/2013,Competitors,143,150,315.8999978,5,0,0,0,0,0,0
7/19/2013,Finance,60,48,339.8499975,7,2,0.2857,3198.809956,53.31349926,456.9728508,1599.404978
7/19/2013,Bedding,59,51,148.41,0,0,0,0,0,0,0
7/19/2013,Dynamic Search Ads,3,0,0,0,0,0,0,0,0,0
7/20/2013,Brand,2725,2225,923.4199838,122,33,0.2705,67187.31943,24.65589704,550.715733,2035.979377
7/20/2013,Bing/Yahoo!,2454,0,0,63,22,0.3492,41075.66953,16.73825164,651.9947544,1867.075888
7/20/2013,Furniture,1178,1083,1917.820017,22,7,0.3182,15398.57987,13.07179955,699.9354486,2199.797124
7/20/2013,Appliances,855,806,1945.300019,14,4,0.2857,9219.549896,10.78309929,658.5392783,2304.887474
7/20/2013,Electronics,687,672,1189.38999,13,0,0,0,0,0,0
7/20/2013,Lawn Equipment,210,220,381.6199956,2,1,0.5,4279.97998,20.38085705,2139.98999,4279.97998
7/20/2013,Competitors,169,160,364.3200011,9,2,0.2222,4149.859924,24.55538417,461.0955471,2074.929962
7/20/2013,Bedding,71,79,201.8300047,0,1,0,609.9799881,8.591267438,0,609.9799881
7/20/2013,Finance,68,63,383.1100101,3,1,0.3333,1484.959988,21.83764688,494.9866625,1484.959988
7/20/2013,Remarketing,2,0,0,0,0,0,0,0,0,0
7/20/2013,Dynamic Search Ads,1,0,0,0,0,0,0,0,0,0
7/21/2013,Brand,2608,2056,835.0699807,104,28,0.2692,58394.35933,22.3904752,561.4842243,2085.512833
7/21/2013,Bing/Yahoo!,2465,0,0,59,20,0.339,56476.78969,22.91147655,957.2337235,2823.839484
7/21/2013,Furniture,1314,1193,2176.05997,15,3,0.2,4499.819931,3.424520495,299.9879954,1499.939977
7/21/2013,Appliances,812,797,1960.699994,7,2,0.2857,2659.819962,3.275640347,379.9742802,1329.909981
7/21/2013,Electronics,793,794,1361.949994,10,6,0.6,13244.66985,16.70197963,1324.466985,2207.444974
7/21/2013,Lawn Equipment,248,254,436.380006,2,2,1,7339.499836,29.5947574,3669.749918,3669.749918
7/21/2013,Competitors,162,158,367.9600029,3,0,0,0,0,0,0
7/21/2013,Bedding,101,109,310.0500059,0,0,0,0,0,0,0
7/21/2013,Finance,61,56,288.4800012,3,0,0,0,0,0,0
7/21/2013,Remarketing,4,0,0,0,0,0,0,0,0,0
7/21/2013,Dynamic Search Ads,1,0,0,0,0,0,0,0,0,0
7/22/2013,Brand,2749,2479,1074.579991,96,7,0.0729,10944.73986,3.981353169,114.0077069,1563.534266
7/22/2013,Bing/Yahoo!,2291,0,0,54,10,0.1852,18994.50972,8.290925239,351.7501801,1899.450972
7/22/2013,Furniture,1087,1077,1936.010006,9,0,0,0,0,0,0
7/22/2013,Appliances,899,910,1987.509988,11,0,0,0,0,0,0
7/22/2013,Electronics,731,784,1222.770008,15,0,0,0,0,0,0
7/22/2013,Lawn Equipment,234,255,450.710003,2,1,0.5,1599.97998,6.837521284,799.9899902,1599.97998
7/22/2013,Competitors,149,163,329.5400002,2,0,0,0,0,0,0
7/22/2013,Bedding,102,103,303.7600001,2,0,0,0,0,0,0
7/22/2013,Finance,71,66,419.1199942,12,0,0,0,0,0,0
7/22/2013,Dynamic Search Ads,1,0,0,0,0,0,0,0,0,0
7/23/2013,Brand,2629,2111,884.5099842,108,17,0.1574,44997.83952,17.11595265,416.6466622,2646.931736
7/23/2013,Bing/Yahoo!,2273,0,0,53,9,0.1698,14549.48977,6.401007377,274.5186749,1616.609974
7/23/2013,Furniture,1037,940,1747.879995,14,3,0.2143,2549.949966,2.458968145,182.1392833,849.9833221
7/23/2013,Electronics,774,791,1286.229989,13,0,0,0,0,0,0
7/23/2013,Appliances,742,720,1631.980001,7,3,0.4286,8835.739855,11.9080052,1262.248551,2945.246618
7/23/2013,Lawn Equipment,216,221,391.6600114,1,1,1,3999.98999,18.51847218,3999.98999,3999.98999
7/23/2013,Competitors,124,120,259.240006,4,0,0,0,0,0,0
7/23/2013,Bedding,68,68,201.5400002,4,0,0,0,0,0,0
7/23/2013,Finance,59,55,301.199995,5,0,0,0,0,0,0
7/24/2013,Brand,2453,1880,752.3199842,86,18,0.2093,38258.05979,15.59643693,444.8611604,2125.447766
7/24/2013,Bing/Yahoo!,2432,0,0,51,8,0.1569,13234.4299,5.441788609,259.4986254,1654.303737
7/24/2013,Furniture,800,728,1270.400018,31,2,0.0645,7593.809975,9.492262468,244.9616121,3796.904987
7/24/2013,Electronics,671,675,995.6900045,13,2,0.1538,3489.879944,5.201013329,268.4523034,1744.939972
7/24/2013,Appliances,665,619,1059.229999,11,1,0.0909,2907.849976,4.37270673,264.3499978,2907.849976
7/24/2013,Lawn Equipment,202,206,317.8600012,1,0,0,0,0,0,0
7/24/2013,Competitors,118,114,255.019998,8,0,0,0,0,0,0
7/24/2013,Finance,49,49,272.5600038,4,0,0,0,0,0,0
7/24/2013,Bedding,39,38,85.99999952,1,0,0,0,0,0,0
7/24/2013,Dynamic Search Ads,2,0,0,0,0,0,0,0,0,0
7/25/2013,Brand,2633,2073,820.0299875,120,20,0.1667,47959.6095,18.21481561,399.6634125,2397.980475
7/25/2013,Bing/Yahoo!,2387,0,0,71,9,0.1268,20756.74982,8.695747725,292.348589,2306.305535
7/25/2013,Furniture,852,761,1382.179991,15,4,0.2667,9854.82991,11.56670177,656.9886607,2463.707478
7/25/2013,Electronics,836,819,1403.040009,23,4,0.1739,3699.949951,4.425777454,160.8673892,924.9874878
7/25/2013,Appliances,690,629,1151.119995,8,3,0.375,7207.659943,10.44588397,900.9574928,2402.553314
7/25/2013,Lawn Equipment,201,216,347.3300009,3,0,0,0,0,0,0
7/25/2013,Competitors,140,132,372.1800006,6,0,0,0,0,0,0
7/25/2013,Bedding,66,57,142.7599988,1,1,1,1479.919968,22.42302981,1479.919968,1479.919968
7/25/2013,Finance,56,59,400.9599924,2,0,0,0,0,0,0
7/25/2013,Dynamic Search Ads,1,0,0,0,0,0,0,0,0,0
7/26/2013,Brand,2639,2114,1084.520022,95,30,0.3158,44573.00942,16.89011346,469.1895728,1485.766981
7/26/2013,Bing/Yahoo!,2624,0,0,63,22,0.3492,46745.67957,17.81466447,741.9949139,2124.803617
7/26/2013,Electronics,1094,1114,2637.329993,28,8,0.2857,11329.58989,10.35611507,404.6282103,1416.198736
7/26/2013,Furniture,1068,981,1961.019999,20,3,0.15,3639.799911,3.408052352,181.9899956,1213.266637
7/26/2013,Appliances,928,886,2130.289986,12,4,0.3333,13198.89954,14.22295209,1099.908295,3299.724884
7/26/2013,Competitors,288,322,1678.379967,5,0,0,0,0,0,0
7/26/2013,Lawn Equipment,211,217,463.9099994,3,2,0.6667,6659.959961,31.56379128,2219.986654,3329.97998
7/26/2013,Bedding,89,95,313.069998,1,0,0,0,0,0,0
7/26/2013,Finance,85,74,597.5399923,12,1,0.0833,1949.929947,22.94035232,162.4941622,1949.929947
7/27/2013,Brand,2642,2105,1055.209995,90,40,0.4444,82224.06918,31.12190355,913.6007687,2055.60173
7/27/2013,Bing/Yahoo!,2599,0,0,74,13,0.1757,23709.02976,9.122366201,320.392294,1823.77152
7/27/2013,Electronics,1359,1437,4055.139998,8,3,0.375,6109.929932,4.495901348,763.7412415,2036.643311
7/27/2013,Furniture,1253,1151,2577.150005,32,9,0.2813,26884.9198,21.45644038,840.1537438,2987.213311
7/27/2013,Appliances,1080,1049,2776.090011,18,3,0.1667,10159.4199,9.406870279,564.4122167,3386.4733
7/27/2013,Competitors,492,530,2876.829966,8,2,0.25,9079.769922,18.45481692,1134.97124,4539.884961
7/27/2013,Lawn Equipment,198,207,501.5200029,1,0,0,0,0,0,0
7/27/2013,Bedding,109,110,445.7999953,0,1,0,699.9899902,6.421926516,0,699.9899902
7/27/2013,Finance,100,86,779.770021,11,0,0,0,0,0,0
7/27/2013,Dynamic Search Ads,1,0,0,0,0,0,0,0,0,0
7/28/2013,Brand,2529,1996,896.6400171,89,32,0.3596,70799.49934,27.99505707,795.4999925,2212.484354
7/28/2013,Bing/Yahoo!,2336,0,0,59,22,0.3729,45780.36957,19.59776095,775.9384673,2080.92589
7/28/2013,Electronics,1329,1445,3813.890003,24,5,0.2083,8231.809893,6.19398788,342.9920789,1646.361979
7/28/2013,Furniture,1179,1086,2133.880007,13,4,0.3077,8111.749884,6.880194982,623.9807603,2027.937471
7/28/2013,Appliances,971,911,1997.089995,13,6,0.4615,9417.749897,9.699021521,724.4422998,1569.624983
7/28/2013,Competitors,635,723,4075.970032,14,1,0.0714,1599.97998,2.519653513,114.2842843,1599.97998
7/28/2013,Lawn Equipment,179,191,457.7200054,1,0,0,0,0,0,0
7/28/2013,Bedding,99,98,346.2700008,3,0,0,0,0,0,0
7/28/2013,Finance,87,78,804.0499954,9,1,0.1111,3729.929955,42.8727581,414.4366616,3729.929955
7/28/2013,Dynamic Search Ads,1,0,0,0,0,0,0,0,0,0
7/28/2013,Remarketing,1,0,0,0,0,0,0,0,0,0
7/29/2013,Brand,2231,2090,419.919999,81,14,0.1728,28428.94962,12.74269369,350.9746866,2030.639258
7/29/2013,Bing/Yahoo!,1654,0,0,38,3,0.0789,4279.909935,2.587611811,112.6292088,1426.636645
7/29/2013,Furniture,379,325,277.1500016,9,1,0.1111,1579.979988,4.168812634,175.553332,1579.979988
7/29/2013,Electronics,292,316,592.5399988,3,4,1.3333,7163.759947,24.53342448,2387.919982,1790.939987
7/29/2013,Appliances,287,266,242.6099991,7,3,0.4286,3968.70993,13.8282576,566.9585615,1322.90331
7/29/2013,Competitors,127,235,1351.550017,2,0,0,0,0,0,0
7/29/2013,Lawn Equipment,39,64,151.6800018,2,0,0,0,0,0,0
7/29/2013,Finance,27,25,234.1100006,3,0,0,0,0,0,0
7/29/2013,Bedding,17,20,54.91999927,0,0,0,0,0,0,0
7/30/2013,Brand,2151,1719,230.0499967,94,15,0.1596,27988.2697,13.01174789,297.7475501,1865.884647
7/30/2013,Bing/Yahoo!,1251,0,0,51,8,0.1569,15434.40979,12.33765771,302.6354861,1929.301224
7/30/2013,Furniture,230,147,23.63000035,7,1,0.1429,877.859993,3.816782578,125.4085704,877.859993
7/30/2013,Appliances,183,139,22.17999923,9,3,0.3333,4659.899948,25.46393414,517.7666609,1553.299983
7/30/2013,Electronics,118,86,9.750000119,3,2,0.6667,1357.849983,11.50720325,452.6166611,678.9249916
7/30/2013,Competitors,25,0,0,1,1,1,1851.929968,74.07719872,1851.929968,1851.929968
7/30/2013,Finance,6,0,0,1,0,0,0,0,0,0
7/30/2013,Bedding,6,3,0.579999983,0,0,0,0,0,0,0
7/30/2013,Lawn Equipment,4,0,0,1,0,0,0,0,0,0
7/31/2013,Brand,2259,1771,222.6299997,99,18,0.1818,38015.99996,16.82868524,383.9999996,2111.999998
7/31/2013,Bing/Yahoo!,1361,0,0,59,12,0.2034,21348.58978,15.68595869,361.8405048,1779.049149
7/31/2013,Furniture,279,183,31.47000003,11,3,0.2727,13322.71005,47.75164893,1211.155459,4440.903351
7/31/2013,Appliances,182,151,26.1900003,6,2,0.3333,6544.85022,35.96071549,1090.80837,3272.42511
7/31/2013,Electronics,147,113,9.930000007,6,0,0,0,0,0,0
7/31/2013,Competitors,14,0,0,0,1,0,1199.98999,85.71357073,0,1199.98999
7/31/2013,Finance,8,0,0,1,0,0,0,0,0,0
7/31/2013,Bedding,7,2,0.200000003,1,0,0,0,0,0,0
7/31/2013,Lawn Equipment,5,0,0,0,0,0,0,0,0,0
7/31/2013,Dynamic Search Ads,2,0,0,0,0,0,0,0,0,0
